X,Y,month,day,FFMC,DMC,DC,ISI,temp,RH,wind,rain,area
0.75,0.42857142857142855,-0.6224575641033309,-0.1323074396113015,0.8709677419354839,0.0864920744314266,-0.1074198768114708,-0.08361955211895211,-0.405024791222953,-0.22924340769170787,0.7,0.0,0.0
0.75,0.2857142857142857,-0.715965349228054,-1.0041336286276497,0.9277419354838708,0.11819434872501722,-0.7818613612034201,-0.0650481525337562,-0.5354840203059886,0.12729634211374924,0.05555555555555555,0.0,0.0
0.75,0.2857142857142857,-0.8199211946369337,-0.5150598282607468,0.9277419354838708,0.14679531357684356,-0.802685379140121,-0.06359199534758822,-0.44703843249650876,0.0630368611557296,0.1,0.0,0.0
0.875,0.5714285714285714,-0.6224575641033309,-0.1323074396113015,0.9419354838709677,0.11095796002756718,-0.09261512805056563,-0.1543432751995832,-0.725721680340335,-0.6651743846193847,0.4,0.03125,0.0
0.875,0.5714285714285714,-0.5185017186944512,-0.6213812399782043,0.9109677419354838,0.1729841488628532,-0.1222574362020764,-0.1629917868146942,-0.8201934869264483,-0.6256205518488362,0.15555555555555556,0.0,0.0
0.875,0.5714285714285714,0.015033336251261062,-0.5079748631685173,0.9496774193548386,0.290144727773949,-0.5799419742634492,-0.22211844783596696,-0.6170798521980531,0.24474708891482974,0.5555555555555556,0.0,0.0
0.875,0.5714285714285714,-0.05427056068799211,-0.1819256629239154,0.9496774193548386,0.30254996554100627,-0.5811238563811464,-0.11124899745185274,-0.6526750865082337,0.29969249284725125,0.30000000000000004,0.0,0.0
0.875,0.5714285714285714,-0.05427056068799211,-0.1819256629239154,0.9393548387096774,0.4972432804962096,-0.7155888661504674,-0.1411577349843065,-0.6418513311192962,-0.5661480219024521,0.20000000000000004,0.0,0.0
0.875,0.5714285714285714,-0.8048878583856727,-1.023034691429264,0.9329032258064516,0.44245348035837356,-0.8097267737058168,-0.06846026493536939,-0.6154719386837877,-0.25084831963455456,0.5555555555555556,0.0,0.0
0.75,0.42857142857142855,-0.9088437037945524,-0.5339608910623613,0.952258064516129,0.2994486560992419,-0.8168704486850454,-0.06974761447231019,-0.7087542238728697,0.15139068040007536,0.4,0.0,0.0
0.75,0.42857142857142855,-0.9088437037945524,-0.5339608910623613,0.952258064516129,0.2994486560992419,-0.8168704486850454,-0.06974761447231019,-0.6547535097438372,-0.04780487322200544,0.7555555555555555,0.0,0.0
0.75,0.42857142857142855,-0.9088437037945524,-0.5339608910623613,0.9561290322580644,0.24844934527911788,-0.8529900242383197,-0.3441889005439435,-0.6038770540150529,0.10427690869328929,0.4,0.0,0.0
0.625,0.42857142857142855,-0.08892250915761869,-0.0189010628016145,0.5780645161290322,0.2401791867677464,-0.7700795420038027,0.03955413568485366,-0.779160316119747,-0.2627995379400558,0.7,0.0,0.0
0.625,0.42857142857142855,-0.943495652264179,-0.3709362909400604,0.9316129032258065,0.43211578221915925,-0.8025904529522282,-0.06895928509467415,-0.6835643528343927,0.10400521540389152,0.20000000000000004,0.0,0.0
0.625,0.42857142857142855,-0.7702359099160461,-1.186059291551565,0.9574193548387098,0.45554789800137846,-0.8206515422326874,-0.1070077776846399,-0.6710152016292953,0.40026922368649603,0.4555555555555555,0.0,0.0
0.625,0.42857142857142855,-0.9781476007338056,-0.2079116908177595,0.9625806451612903,0.4827705031013094,-0.8432250751522261,-0.18941282832182207,-0.7390160471516177,0.11520927716354895,0.5555555555555556,0.0,0.0
0.5,0.42857142857142855,-0.5531536671640777,-0.45835663985590336,0.9419354838709677,0.11957270847691247,-0.09498364350395636,-0.13273504501930208,-0.41855441289490475,0.12959386678190526,0.5555555555555556,0.0,0.0
0.875,0.42857142857142855,-0.8545731431065603,-0.3520352281384459,0.8541935483870968,0.10923501033769813,-0.7715282124808263,0.0003439896092932368,-0.5984782782858301,-0.030523317326073107,0.5,0.0,0.0
0.625,0.2857142857142857,-0.41454587328557135,-1.110455040345107,0.9096774193548387,0.09235010337698138,-0.08141961066586892,-0.10688027528578342,-0.4946861043599563,0.06857096871320895,0.4,0.0,0.0
0.625,0.2857142857142857,0.06930389693925317,-0.3260492002446018,0.872258064516129,0.09062715368711233,-0.11069556502623272,-0.08339049368517289,-0.38523369591369866,-0.1418286466685294,0.4555555555555555,0.0,0.0
0.625,0.2857142857142857,-0.8048878583856727,-1.023034691429264,0.9329032258064516,0.44245348035837356,-0.8097267737058168,-0.06846026493536939,-0.5916938870662052,0.06634136736740237,0.2555555555555556,0.0,0.0
0.5,0.2857142857142857,-0.943495652264179,-0.3709362909400604,0.9432258064516128,0.26671261199172985,-0.8495477918414802,-0.1049871550723731,-0.5986743723792012,0.10049693922517053,0.2555555555555556,0.0,0.0
0.75,0.2857142857142857,-0.4295792095368323,-0.6024801771765897,0.9754838709677419,0.32804962095106827,-0.29449208304975727,-0.981849005570899,-0.6895905716110262,0.0792995672164204,0.4555555555555555,0.0,0.0
0.75,0.2857142857142857,-0.019618612218365528,-0.34495026304621634,0.9225806451612903,0.37835975189524473,-0.6271653107925309,-0.06693113439024789,-0.6436553387269325,0.06046764319817588,0.6,0.0,0.0
0.75,0.2857142857142857,-0.019618612218365528,-0.34495026304621634,0.9651612903225806,0.4765678842177809,-0.7111473617601444,-0.3130091747912475,-0.676845326312558,0.24454331894778145,0.6,0.0,0.0
0.75,0.2857142857142857,0.015033336251261062,-0.5079748631685173,0.9380645161290323,0.4869055823569952,-0.7075092802527352,-0.13993583071415977,-0.677969483011799,-0.1618152671667144,0.5555555555555556,0.0,0.0
0.75,0.2857142857142857,-0.9781476007338056,-0.2079116908177595,0.950967741935484,0.4024810475534115,-0.7874133536653922,-0.1629385368598945,-0.5684125491004529,0.13667834246169677,0.6,0.0,0.0
0.75,0.2857142857142857,-0.943495652264179,-0.3709362909400604,0.9316129032258065,0.43211578221915925,-0.8025904529522282,-0.06895928509467415,-0.6756296009850343,0.010988423500884248,0.1,0.0,0.0
0.625,0.14285714285714285,-0.9088437037945524,-0.5339608910623613,0.9638709677419355,0.4972432804962096,-0.8447873407669224,-0.0856643147476423,-0.7906115145560954,0.44353510260281404,0.2555555555555556,0.0,0.0
0.625,0.14285714285714285,-0.8741917553249259,-0.6969854911846622,0.9651612903225806,0.5106822880771882,-0.8532105390334532,-0.0850753073464957,-0.7018391032576641,0.1609085273927218,0.35555555555555557,0.0,0.0
0.625,0.14285714285714285,-0.9781476007338056,-0.2079116908177595,0.9754838709677419,0.2894555478980014,-0.8204423421616938,-0.2267436312831879,-0.6657471552956533,0.3528158353679627,0.35555555555555557,0.0,0.0
0.625,0.14285714285714285,-0.943495652264179,-0.3709362909400604,0.9019354838709677,0.31254307374224677,-0.8300901904089061,-0.06882320007884402,-0.6697732723712796,-0.42952573447137976,0.7999999999999999,0.0,0.0
0.625,0.14285714285714285,-0.9781476007338056,-0.2079116908177595,0.9019354838709677,0.2363886974500345,-0.8248470754238164,-0.04596034299501913,-0.6307793640328837,0.13836455722870786,0.15555555555555556,0.0,0.0
0.625,0.14285714285714285,-0.8741917553249259,-0.6969854911846622,0.9419354838709677,0.2567195037904893,-0.8407876566863627,-0.08058334804278043,-0.5691707215434444,0.06451930595569236,0.35555555555555557,0.0,0.0
0.625,0.14285714285714285,-0.943495652264179,-0.3709362909400604,0.9432258064516128,0.26671261199172985,-0.8495477918414802,-0.1049871550723731,-0.6118118058644111,0.19729370059629645,0.2555555555555556,0.0,0.0
0.625,0.14285714285714285,-0.8048878583856727,-1.023034691429264,0.9238709677419354,0.27429359062715375,-0.8528441852423063,-0.05293701413077418,-0.7412251997828019,-0.14494125120487872,0.4555555555555555,0.0,0.0
0.625,0.14285714285714285,-0.715965349228054,-1.0041336286276497,0.9277419354838708,0.11819434872501722,-0.7818613612034201,-0.0650481525337562,-0.5694975450323959,0.282886400207765,0.4555555555555555,0.0,0.0
0.75,0.2857142857142857,-0.8892250915761869,-0.18901062801614502,0.9199999999999999,0.13921433494141972,-0.8001417197622249,-0.09950754441453233,-0.5479024421155052,-0.25631450386968435,0.5555555555555556,0.0,0.0
0.75,0.14285714285714285,-0.8199211946369337,-0.5150598282607468,0.9277419354838708,0.14679531357684356,-0.802685379140121,-0.06359199534758822,-0.4887906149789035,0.18062345460150914,0.4,0.0,0.0
0.375,0.2857142857142857,-0.44919782175519796,-0.9474304402228062,0.8954838709677418,0.08476912474155754,-0.07456738973053059,-0.06268733040555217,-0.5031829345589351,-0.04159153244103175,0.2555555555555556,0.0,0.0
0.375,0.2857142857142857,-0.2713528034399605,-0.9096283146195772,0.784516129032258,0.20503101309441765,-0.42162119330557507,0.0026793665886942868,-0.7010155661168824,0.18939414504831167,0.30000000000000004,0.0,0.0
0.375,0.2857142857142857,-0.019618612218365528,-0.34495026304621634,0.9225806451612903,0.33011716057891116,-0.7320689088923819,-0.10784142696629179,-0.6081254691145422,0.04919565811616888,0.7,0.0,0.0
0.375,0.2857142857142857,0.08433723319051424,-0.8340240634131192,0.9819354838709676,0.3694004135079256,-0.768931149261234,-0.2500013682739119,-0.6442827817743433,-0.09903823100865755,0.5555555555555556,0.0,0.0
0.375,0.2857142857142857,-0.9088437037945524,-0.5339608910623613,0.952258064516129,0.2994486560992419,-0.8168704486850454,-0.06974761447231019,-0.6808322826208861,0.014768392969003064,0.2555555555555556,0.0,0.0
0.375,0.2857142857142857,-0.7702359099160461,-1.186059291551565,0.921290322580645,0.2818745692625776,-0.8591542297165643,-0.050708888883668674,-0.6863355838151972,-0.3593246060217842,0.5,0.0,0.0
0.5,0.5714285714285714,-0.7702359099160461,-1.186059291551565,0.9754838709677419,0.2894555478980014,-0.8204423421616938,-0.2267436312831879,-0.6787538593852827,0.36226575903825975,0.4,0.0,0.0
0.5,0.5714285714285714,-0.943495652264179,-0.3709362909400604,0.9316129032258065,0.43211578221915925,-0.8025904529522282,-0.06895928509467415,-0.7054992360770407,-0.2872334928381292,0.35555555555555557,0.0,0.0
0.625,0.5714285714285714,-0.40996059731846685,-0.2575299141303734,0.9741935483870968,0.2108890420399724,-0.5225793018860588,-0.16001493034931935,-0.6862964230478992,0.1932420378387799,0.30000000000000004,0.0,0.0
0.375,0.2857142857142857,-0.5878056156337043,-0.29533203973360245,0.8838709677419355,0.07856650585802893,-0.0715477419223147,-0.06825913661136958,-0.3880311308249955,-0.008918405383226385,0.15555555555555556,0.0,0.0
0.375,0.2857142857142857,-0.5878056156337043,-0.29533203973360245,0.889032258064516,0.17608545830461753,-0.11840947587824581,-0.08106420053787627,-0.4432867310488497,-0.1287346001748124,0.6,0.0,0.0
0.375,0.2857142857142857,-0.8395398068552993,-0.8600100913069632,0.9574193548387098,0.46829772570640943,-0.8286067850399663,-0.10645149291689035,-0.4976796333646241,0.33250146654975554,0.1,0.0,0.0
0.375,0.14285714285714285,0.015033336251261062,-0.5079748631685173,0.9225806451612903,0.339421088904204,-0.737025209077509,-0.0610358658965399,-0.6334460695485997,0.18392796081318177,0.20000000000000004,0.0,0.0
0.375,0.14285714285714285,0.11898918166014082,-0.9970486635354201,0.9470967741935483,0.3793935217091661,-0.7679189811046178,-0.11784273338513765,-0.6601522854730597,0.08699535279735687,0.5,0.0,0.0
0.375,0.14285714285714285,0.11898918166014082,-0.9970486635354201,0.9470967741935483,0.3793935217091661,-0.7679189811046178,-0.11784273338513765,-0.6601522854730597,0.08699535279735687,0.5,0.0,0.0
0.375,0.14285714285714285,0.04968528472088764,-0.6709994632908182,0.9419354838709677,0.39007580978635426,-0.7722388573861998,-0.05857348773341316,-0.608060104416752,0.005522239265754403,0.35555555555555557,0.0,0.0
0.375,0.14285714285714285,-0.8395398068552993,-0.8600100913069632,0.9574193548387098,0.46829772570640943,-0.8286067850399663,-0.10645149291689035,-0.7255779941079484,0.3962854842513289,0.20000000000000004,0.0,0.0
0.375,0.14285714285714285,-0.8048878583856727,-1.023034691429264,0.9238709677419354,0.27429359062715375,-0.8528441852423063,-0.05293701413077418,-0.7377349571263039,-0.1620190371337627,0.5,0.0,0.0
0.375,0.14285714285714285,-0.7852692461673072,-0.6780844283830478,0.953548387096774,0.15644383184011026,-0.811029038415467,-0.10053311288429687,-0.5437847564115965,-0.11388641559173501,0.2555555555555556,0.0,0.0
0.125,0.0,-0.23211557900322946,-0.21972778852714442,0.8425806451612903,0.02825637491385252,-0.03314529861568653,-0.03520681796666588,-0.47723489107746664,-0.01681796093121124,0.5555555555555556,0.0,0.0
0.125,0.0,-0.26676752747285604,-0.0567031884048435,0.8761290322580644,0.04169538249483115,-0.04765327534334549,-0.09137260792791423,-0.511679764757914,-0.15175403359527243,0.05555555555555555,0.0,0.0
0.125,0.0,-0.5185017186944512,-0.6213812399782043,0.9109677419354838,0.1729841488628532,-0.1222574362020764,-0.1629917868146942,-0.40788759083204007,-0.052659747555990344,0.6,0.0,0.0
0.125,0.0,-0.5185017186944512,-0.6213812399782043,0.9109677419354838,0.1729841488628532,-0.1222574362020764,-0.1629917868146942,-0.3901095540605989,-0.35641577145248315,0.6555555555555554,0.0,0.0
0.125,0.0,0.04968528472088764,-0.6709994632908182,0.9587096774193548,0.2556857339765679,-0.5462023408617739,-0.09939587606996728,-0.5701249880798068,0.12338052600093158,0.5,0.0,0.0
0.125,0.0,0.015033336251261062,-0.5079748631685173,0.9225806451612903,0.339421088904204,-0.737025209077509,-0.0610358658965399,-0.6083215632079132,0.1802159146674125,0.2555555555555556,0.0,0.0
0.125,0.0,-0.05427056068799211,-0.1819256629239154,0.9341935483870967,0.35182632667126124,-0.7452946473510264,-0.051523190672514776,-0.6543221607897973,0.24272125753607157,0.30000000000000004,0.0,0.0
0.125,0.0,0.04968528472088764,-0.6709994632908182,0.9419354838709677,0.39007580978635426,-0.7722388573861998,-0.05857348773341316,-0.6271583919808051,0.033939933598994776,0.4555555555555555,0.0,0.0
0.125,0.0,-0.9781476007338056,-0.2079116908177595,0.950967741935484,0.4024810475534115,-0.7874133536653922,-0.1629385368598945,-0.6932115436631048,0.18372419084613348,0.4555555555555555,0.0,0.0
0.125,0.0,-0.9781476007338056,-0.2079116908177595,0.950967741935484,0.4024810475534115,-0.7874133536653922,-0.1629385368598945,-0.5771054733928026,0.15753609785869965,0.5555555555555556,0.0,0.0
0.125,0.0,-0.9781476007338056,-0.2079116908177595,0.950967741935484,0.4024810475534115,-0.7874133536653922,-0.1629385368598945,-0.5771054733928026,0.15753609785869965,0.6555555555555554,0.0,0.0
0.375,0.42857142857142855,-0.6224575641033309,-0.1323074396113015,0.9419354838709677,0.11095796002756718,-0.09261512805056563,-0.1543432751995832,-0.4662674494561426,0.1788013931897991,0.4555555555555555,0.0,0.0
0.375,0.42857142857142855,-0.6224575641033309,-0.1323074396113015,0.9354838709677419,0.16264645072363887,-0.12071587577344423,-0.21491921788105425,-0.436763798620386,0.1428237599203211,0.7999999999999999,0.0,0.0
0.375,0.42857142857142855,-0.9781476007338056,-0.2079116908177595,0.9754838709677419,0.2894555478980014,-0.8204423421616938,-0.2267436312831879,-0.5553404803130333,0.08355499994098523,0.35555555555555557,0.0,0.0
0.5,0.2857142857142857,-0.6224575641033309,-0.1323074396113015,0.9419354838709677,0.11095796002756718,-0.09261512805056563,-0.1543432751995832,-0.417730875754123,0.15807948443749514,0.6555555555555554,0.0,0.0
0.5,0.2857142857142857,0.08433723319051424,-0.8340240634131192,0.904516129032258,0.503790489317712,-0.7208453320959809,-0.11041313986406613,-0.5864258407325632,0.018887979048869075,0.4555555555555555,0.0,0.0
0.5,0.2857142857142857,-0.9781476007338056,-0.2079116908177595,0.9625806451612903,0.4827705031013094,-0.8432250751522261,-0.18941282832182207,-0.7644673769812561,0.337288417561391,0.1,0.0,0.0
1.0,1.0,-0.1281597335943497,-0.7088015888940471,0.8451612903225807,0.019641626464507234,-0.03145133568489723,-0.1353907728067038,-0.5596280561798207,-0.5240928944966992,0.30000000000000004,0.0,0.0
1.0,1.0,-0.26676752747285604,-0.0567031884048435,0.8761290322580644,0.04169538249483115,-0.04765327534334549,-0.09137260792791423,-0.5448043876457491,-0.01135177669608134,0.30000000000000004,0.0,0.0
0.0,0.14285714285714285,-0.5878056156337043,-0.29533203973360245,0.889032258064516,0.17608545830461753,-0.11840947587824581,-0.08106420053787627,-0.5528436649601958,-0.42722820980322357,0.30000000000000004,0.0,0.0
0.0,0.0,-0.08892250915761869,-0.0189010628016145,0.921290322580645,0.3683666436940042,-0.6261077717652866,-0.1795787738122584,-0.6778387536162185,-0.24916210486754342,0.2555555555555556,0.0,0.0
0.0,0.0,0.08433723319051424,-0.8340240634131192,0.9329032258064516,0.4138525155065473,-0.656471360800883,-0.07917692737289778,-0.5323206011384423,0.3285856504369378,0.7,0.0,0.0
0.0,0.0,0.015033336251261062,-0.5079748631685173,0.9380645161290323,0.4869055823569952,-0.7075092802527352,-0.13993583071415977,-0.6159948562661102,0.09853903116876164,0.6555555555555554,0.0,0.0
0.0,0.0,0.015033336251261062,-0.5079748631685173,0.9225806451612903,0.339421088904204,-0.737025209077509,-0.0610358658965399,-0.608949006255324,0.020710040460579004,0.20000000000000004,0.0,0.0
0.0,0.0,0.08433723319051424,-0.8340240634131192,0.9819354838709676,0.3694004135079256,-0.768931149261234,-0.2500013682739119,-0.675564236287244,-0.03268499534953029,0.4555555555555555,0.0,0.0
0.0,0.0,0.11898918166014082,-0.9970486635354201,0.9470967741935483,0.3793935217091661,-0.7679189811046178,-0.11784273338513765,-0.5958769374679043,-0.03241330206013249,0.05555555555555555,0.0,0.0
0.0,0.0,0.04968528472088764,-0.6709994632908182,0.9419354838709677,0.39007580978635426,-0.7722388573861998,-0.05857348773341316,-0.6756949656828246,0.05466184235129873,0.35555555555555557,0.0,0.0
0.0,0.0,-0.8395398068552993,-0.8600100913069632,0.9574193548387098,0.46829772570640943,-0.8286067850399663,-0.10645149291689035,-0.502058777859694,0.3647670536734641,0.05555555555555555,0.0,0.0
0.0,0.0,-0.8395398068552993,-0.8600100913069632,0.9574193548387098,0.46829772570640943,-0.8286067850399663,-0.10645149291689035,-0.68649251714127,0.3242622943900234,0.20000000000000004,0.0,0.0
0.0,0.0,-0.8395398068552993,-0.8600100913069632,0.9574193548387098,0.46829772570640943,-0.8286067850399663,-0.10645149291689035,-0.6568581369099327,0.20093782341971636,0.20000000000000004,0.0,0.0
0.0,0.0,-0.8741917553249259,-0.6969854911846622,0.9651612903225806,0.5106822880771882,-0.8532105390334532,-0.0850753073464957,-0.7461272618601943,0.2367116867221461,0.35555555555555557,0.0,0.0
0.625,0.42857142857142855,-0.5531536671640777,-0.45835663985590336,0.9419354838709677,0.11957270847691247,-0.09498364350395636,-0.13273504501930208,-0.46455501047678877,0.19209920965056432,0.5,0.0,0.0
0.625,0.42857142857142855,-0.019618612218365528,-0.34495026304621634,0.9225806451612903,0.33011716057891116,-0.7320689088923819,-0.10784142696629179,-0.6294329093097795,-0.1825371759190184,0.6,0.0,0.0
0.875,0.5714285714285714,-0.6224575641033309,-0.1323074396113015,0.9419354838709677,0.11957270847691247,-0.09498364350395636,-0.13273504501930208,-0.4576398898615832,0.20161705664321075,0.5555555555555556,0.0,0.0
0.875,0.5714285714285714,0.015033336251261062,-0.5079748631685173,0.9496774193548386,0.290144727773949,-0.5799419742634492,-0.22211844783596696,-0.6014064425927076,0.18973376166005892,0.6555555555555554,0.0,0.0
0.875,0.5714285714285714,0.015033336251261062,-0.5079748631685173,0.9380645161290323,0.4869055823569952,-0.7075092802527352,-0.13993583071415977,-0.609837908093896,0.03589784165540366,0.5,0.0,0.0
0.875,0.5714285714285714,-0.05427056068799211,-0.1819256629239154,0.9341935483870967,0.35182632667126124,-0.7452946473510264,-0.051523190672514776,-0.5998900977067247,0.33405183467206767,0.2555555555555556,0.0,0.0
0.375,0.2857142857142857,-0.8741917553249259,-0.6969854911846622,0.9161290322580645,0.30634045485871814,-0.8207959117637764,-0.028374788416438333,-0.7446500777415095,-0.1715368841264091,0.1,0.0,0.0
0.25,0.2857142857142857,-0.19746363053360289,-0.38275238864944533,0.8412903225806452,0.023776705720192973,-0.029321437205060252,-0.044408628173419194,-0.5013397661840007,-0.11564055368109555,0.15555555555555556,0.0,0.0
0.25,0.2857142857142857,-0.5531536671640777,-0.45835663985590336,0.6490322580645161,0.0044796691936595445,-0.00976155535895332,-0.011825593230730467,-0.4576398898615832,0.20161705664321075,0.5555555555555556,0.0,0.0
0.25,0.2857142857142857,0.015033336251261062,-0.5079748631685173,0.9380645161290323,0.4869055823569952,-0.7075092802527352,-0.13993583071415977,-0.7424147211798332,-0.5076264184689602,0.4555555555555555,0.0,0.0
0.25,0.2857142857142857,0.015033336251261062,-0.5079748631685173,0.9380645161290323,0.4869055823569952,-0.7075092802527352,-0.13993583071415977,-0.6237988787198878,0.10420898537093984,0.5555555555555556,0.0,0.0
0.25,0.2857142857142857,0.015033336251261062,-0.5079748631685173,0.9380645161290323,0.4869055823569952,-0.7075092802527352,-0.13993583071415977,-0.6237988787198878,0.10420898537093984,0.5555555555555556,0.0,0.0
0.25,0.2857142857142857,0.08433723319051424,-0.8340240634131192,0.904516129032258,0.503790489317712,-0.7208453320959809,-0.11041313986406613,-0.6700347311624408,-0.2548320590697216,0.5555555555555556,0.0,0.0
0.125,0.2857142857142857,0.08433723319051424,-0.8340240634131192,0.9819354838709676,0.3694004135079256,-0.768931149261234,-0.2500013682739119,-0.6385180217888711,0.1003610925804716,0.4,0.0,0.0
0.125,0.2857142857142857,-0.9088437037945524,-0.5339608910623613,0.952258064516129,0.4135079255685734,-0.790424289757112,-0.09840016936127519,-0.6665053277386448,0.2806567988619584,0.4555555555555555,0.0,0.0
0.125,0.2857142857142857,-0.2863861396912216,-0.4016534514510598,0.8180645161290322,0.00895933838731909,-0.005243793730517584,-0.051452952882103074,-0.5162941641136529,-0.5410348337808843,0.30000000000000004,0.0,0.0
0.375,0.42857142857142855,-0.6224575641033309,-0.1323074396113015,0.8670967741935485,0.06340454858718125,-0.06127410575026931,-0.04574804783656279,-0.529000248644823,-0.15371194165168128,0.6555555555555554,0.0,0.0
0.375,0.42857142857142855,-0.48384977022482456,-0.7844058401005052,0.9380645161290323,0.1019986216402481,-0.08700633801975717,-0.12793222069831497,-0.5130262194810181,0.16914769955245382,0.30000000000000004,0.0,0.0
0.375,0.42857142857142855,0.015033336251261062,-0.5079748631685173,0.9225806451612903,0.339421088904204,-0.737025209077509,-0.0610358658965399,-0.6239296081154684,0.19155582307176883,0.30000000000000004,0.0,0.0
0.375,0.42857142857142855,-0.9088437037945524,-0.5339608910623613,0.952258064516129,0.2994486560992419,-0.8168704486850454,-0.06974761447231019,-0.6782963065007506,0.056551827085358164,0.30000000000000004,0.0,0.0
0.375,0.42857142857142855,-0.943495652264179,-0.3709362909400604,0.9019354838709677,0.31254307374224677,-0.8300901904089061,-0.06882320007884402,-0.6789237495481614,-0.10295404712147532,0.5555555555555556,0.0,0.0
0.375,0.2857142857142857,-0.6224575641033309,-0.1323074396113015,0.8670967741935485,0.06340454858718125,-0.06127410575026931,-0.04574804783656279,-0.4927775712872316,-0.04915147137726936,0.6,0.0,0.0
0.25,0.2857142857142857,-0.6224575641033309,-0.1323074396113015,0.9419354838709677,0.11095796002756718,-0.09261512805056563,-0.1543432751995832,-0.45256793762131214,0.28518392487592104,0.4555555555555555,0.0,0.0
0.25,0.2857142857142857,-0.8741917553249259,-0.6969854911846622,0.9161290322580645,0.30634045485871814,-0.8207959117637764,-0.028374788416438333,-0.7018391032576641,0.1609085273927218,0.35555555555555557,0.0,0.0
0.25,0.2857142857142857,-0.943495652264179,-0.3709362909400604,0.9432258064516128,0.26671261199172985,-0.8495477918414802,-0.1049871550723731,-0.5727263288977326,0.1252705107349909,0.2555555555555556,0.0,0.0
0.25,0.2857142857142857,-0.44919782175519796,-0.9474304402228062,0.8954838709677418,0.08476912474155754,-0.07456738973053059,-0.06268733040555217,-0.436763798620386,0.1428237599203211,0.7999999999999999,0.0,0.0
0.25,0.42857142857142855,-0.44919782175519796,-0.9474304402228062,0.8954838709677418,0.08476912474155754,-0.07456738973053059,-0.06268733040555217,-0.42895977616660835,0.1371538057181429,0.6555555555555554,0.0,0.0
0.25,0.2857142857142857,-0.5531536671640777,-0.45835663985590336,0.9419354838709677,0.11957270847691247,-0.09498364350395636,-0.13273504501930208,-0.3482528461131158,0.03489086011188694,0.6555555555555554,0.0,0.0
0.25,0.2857142857142857,-0.5531536671640777,-0.45835663985590336,0.9419354838709677,0.11957270847691247,-0.09498364350395636,-0.13273504501930208,-0.4211557537128307,0.1314838515159647,0.5,0.0,0.0
0.25,0.2857142857142857,-0.5878056156337043,-0.29533203973360245,0.921290322580645,0.1330117160578911,-0.0997795082158583,-0.10380954222870431,-0.32223943793385706,0.015991012771292945,0.4,0.0,0.0
0.25,0.2857142857142857,0.04968528472088764,-0.6709994632908182,0.9587096774193548,0.2556857339765679,-0.5462023408617739,-0.09939587606996728,-0.5978508352384193,0.12898255688076032,0.30000000000000004,0.0,0.0
0.25,0.2857142857142857,-0.05427056068799211,-0.1819256629239154,0.9393548387096774,0.4972432804962096,-0.7155888661504674,-0.1411577349843065,-0.6187007225491244,-0.4084642091073285,0.20000000000000004,0.0,0.0
0.25,0.2857142857142857,-0.05427056068799211,-0.1819256629239154,0.9393548387096774,0.4972432804962096,-0.7155888661504674,-0.1411577349843065,-0.5812231590967114,0.015108009580750259,0.5555555555555556,0.0,0.0
0.25,0.2857142857142857,-0.8741917553249259,-0.6969854911846622,0.950967741935484,0.4238456237077877,-0.7976702451498733,-0.09610659884737563,-0.7147804426495031,0.12668503221260424,0.5555555555555556,0.0,0.0
0.25,0.2857142857142857,-0.8048878583856727,-1.023034691429264,0.847741935483871,0.24913852515506552,-0.7807850412523275,-0.002582477773606484,-0.6158641268705296,0.011192193467932599,0.30000000000000004,0.0,0.0
0.25,0.2857142857142857,-0.9781476007338056,-0.2079116908177595,0.9754838709677419,0.2894555478980014,-0.8204423421616938,-0.2267436312831879,-0.699865205487149,-0.00048733154817098834,0.5555555555555556,0.0,0.0
0.25,0.2857142857142857,-0.7852692461673072,-0.6780844283830478,0.953548387096774,0.15644383184011026,-0.811029038415467,-0.10053311288429687,-0.5408827960352113,0.26209656813311155,0.5555555555555556,0.0,0.0
0.25,0.42857142857142855,-0.5878056156337043,-0.29533203973360245,0.889032258064516,0.17608545830461753,-0.11840947587824581,-0.08106420053787627,-0.41200527653594887,-0.1950878358339398,0.20000000000000004,0.0,0.0
0.25,0.42857142857142855,-0.9781476007338056,-0.2079116908177595,0.9651612903225806,0.5106822880771882,-0.8532105390334532,-0.0850753073464957,-0.5838244999146373,0.01699799431480964,0.30000000000000004,0.0,0.0
0.25,0.42857142857142855,-0.6813134007584274,-1.1671582287499507,0.9380645161290323,0.1268090971743625,-0.7854946914928327,-0.03799082602289658,-0.5707524311272175,-0.03612534820590185,0.35555555555555557,0.0,0.0
0.125,0.42857142857142855,-0.7852692461673072,-0.6780844283830478,0.953548387096774,0.15644383184011026,-0.811029038415467,-0.10053311288429687,-0.48167940027032696,0.05912104504291196,0.05555555555555555,0.0,0.0
0.375,0.5714285714285714,-0.19746363053360289,-0.38275238864944533,0.6387096774193548,0.07029634734665748,-0.0937669145202746,-0.007738250232208568,-0.5162550033463549,0.011531810079679766,0.2555555555555556,0.0,0.0
0.375,0.5714285714285714,-0.5878056156337043,-0.29533203973360245,0.8838709677419355,0.07856650585802893,-0.0715477419223147,-0.06825913661136958,-0.472921111280187,-0.005410129204505371,0.30000000000000004,0.0,0.0
0.375,0.5714285714285714,-0.5185017186944512,-0.6213812399782043,0.9109677419354838,0.1729841488628532,-0.1222574362020764,-0.1629917868146942,-0.43288136777714614,-0.13629453911105005,0.5,0.0,0.0
0.375,0.5714285714285714,-0.8395398068552993,-0.8600100913069632,0.967741935483871,0.2749827705031014,-0.8146229945690359,-0.26288823878391115,-0.5873147425711353,0.03407578024369373,0.30000000000000004,0.0,0.0
0.25,0.42857142857142855,-0.44919782175519796,-0.9474304402228062,0.8954838709677418,0.08476912474155754,-0.07456738973053059,-0.06268733040555217,-0.4894180580263143,0.021117580394675678,0.2555555555555556,0.0,0.0
0.25,0.42857142857142855,-0.019618612218365528,-0.34495026304621634,0.9651612903225806,0.4765678842177809,-0.7111473617601444,-0.3130091747912475,-0.656465948723191,-0.06110268968277066,0.6,0.0,0.0
0.25,0.5714285714285714,-0.8741917553249259,-0.6969854911846622,0.950967741935484,0.4238456237077877,-0.7976702451498733,-0.09610659884737563,-0.6875513091427208,-0.1257697105748869,0.1,0.0,0.0
0.25,0.5714285714285714,-0.943495652264179,-0.3709362909400604,0.9316129032258065,0.43211578221915925,-0.8025904529522282,-0.06895928509467415,-0.7012508209775512,-0.23215224226100883,0.30000000000000004,0.0,0.0
1.0,1.0,-0.2713528034399605,-0.9096283146195772,0.8658064516129031,0.16264645072363887,-0.3622503625311569,-0.04435746122097159,-0.5977201058428387,0.04163571917993131,0.2555555555555556,0.0,0.00033002090132375054
0.0,0.2857142857142857,-0.8048878583856727,-1.023034691429264,0.9329032258064516,0.44245348035837356,-0.8097267737058168,-0.06846026493536939,-0.6663092336452738,0.14963654231071485,0.20000000000000004,0.0,0.00039419163213670204
0.125,0.42857142857142855,-0.943495652264179,-0.3709362909400604,0.9316129032258065,0.43211578221915925,-0.8025904529522282,-0.06895928509467415,-0.6784270358963311,0.14389866478618715,0.15555555555555556,0.0,0.00043086062117267426
0.0,0.0,0.11898918166014082,-0.9970486635354201,0.9909677419354839,0.3404548587181255,-0.6076750107043247,-0.1933759057051601,-0.659524842425649,0.24650122700419033,0.4555555555555555,0.0,0.0005041985992446189
0.875,0.5714285714285714,-0.08892250915761869,-0.0189010628016145,0.921290322580645,0.3683666436940042,-0.6261077717652866,-0.1795787738122584,-0.7431990975533168,0.016454607736014093,0.9444444444444444,0.0,0.0005592020827985773
0.0,0.0,-0.3753086488488403,-0.4205545142526743,0.9199999999999999,0.1729841488628532,-0.34821373498988983,-0.13110942761771713,-0.6373676611591377,-0.08952038401601115,0.5555555555555556,0.0,0.0006508745553885079
0.125,0.42857142857142855,0.11898918166014082,-0.9970486635354201,0.9909677419354839,0.3404548587181255,-0.6076750107043247,-0.1933759057051601,-0.6794466671304839,0.24643330368184083,0.5555555555555556,0.0,0.0007058780389424664
0.625,0.42857142857142855,0.04968528472088764,-0.6709994632908182,0.9870967741935484,0.4500344589937974,-0.6808211106241079,-0.13822828142529955,-0.7039437304237597,0.4096512240344436,0.4,0.0,0.0008250522533093764
0.5,0.2857142857142857,-0.5878056156337043,-0.29533203973360245,0.921290322580645,0.1330117160578911,-0.0997795082158583,-0.10380954222870431,-0.45902550535198555,-0.03004785406962704,0.5555555555555556,0.0,0.0008708884896043417
0.875,0.14285714285714285,-0.8048878583856727,-1.023034691429264,0.847741935483871,0.24913852515506552,-0.7807850412523275,-0.002582477773606484,-0.6621915479413651,0.29206463058866416,0.35555555555555557,0.0,0.0008800557368633347
0.125,0.0,0.08433723319051424,-0.8340240634131192,0.9819354838709676,0.3694004135079256,-0.768931149261234,-0.2500013682739119,-0.589027181550489,0.0207779637829284,0.7,0.0,0.0009808954567122586
0.875,0.5714285714285714,-0.8395398068552993,-0.8600100913069632,0.967741935483871,0.2749827705031014,-0.8146229945690359,-0.26288823878391115,-0.6284394820061191,0.31116824789630654,0.4555555555555555,0.0,0.001026731693007224
0.625,0.42857142857142855,-0.5335350549457121,-0.113406376809687,0.952258064516129,0.19055823569951758,-0.5064989903363514,-0.09145090107289247,-0.7122444665293676,0.16846846632895937,0.5555555555555556,0.0,0.0010909024238201753
1.0,1.0,-0.3406567003792137,-0.5835791143749753,0.921290322580645,0.23259820813232254,-0.41525503000790875,-0.09961818428155954,-0.6847147134641259,0.2938866920003742,0.20000000000000004,0.0,0.0012467456272230576
0.25,0.2857142857142857,-0.3753086488488403,-0.4205545142526743,0.921290322580645,0.1726395589248794,-0.4946169269594852,-0.07619982029995753,-0.7763237204411522,0.15685686463520526,0.15555555555555556,0.0,0.001310916358036009
0.5,0.2857142857142857,-0.9781476007338056,-0.2079116908177595,0.9754838709677419,0.2894555478980014,-0.8204423421616938,-0.2267436312831879,-0.6869238660953101,0.033736163631946536,0.5,0.0,0.0013384180998129882
0.0,0.42857142857142855,-0.9088437037945524,-0.5339608910623613,0.9638709677419355,0.4972432804962096,-0.8447873407669224,-0.0856643147476423,-0.7957488314941569,0.4036416532205182,0.2555555555555556,0.0,0.0013384180998129882
0.75,0.2857142857142857,0.015033336251261062,-0.5079748631685173,0.9819354838709676,0.3694004135079256,-0.768931149261234,-0.2500013682739119,-0.5906742558320526,-0.0361932715282513,0.1,0.0,0.001430090572402919
0.125,0.2857142857142857,-0.9088437037945524,-0.5339608910623613,0.9638709677419355,0.4972432804962096,-0.8447873407669224,-0.0856643147476423,-0.7697354233148982,0.3847418058799243,0.20000000000000004,0.0,0.0014759268086978845
0.125,0.0,0.11898918166014082,-0.9970486635354201,0.9470967741935483,0.3793935217091661,-0.7679189811046178,-0.11784273338513765,-0.6288708309601589,0.020642117138229554,0.35555555555555557,0.0,0.0014942613032158704
0.125,0.2857142857142857,0.11898918166014082,-0.9970486635354201,0.9470967741935483,0.3793935217091661,-0.7679189811046178,-0.11784273338513765,-0.6143477819845468,0.15551026647994137,0.4,0.0,0.0015034285504748634
0.75,0.2857142857142857,-0.9781476007338056,-0.2079116908177595,0.950967741935484,0.4024810475534115,-0.7874133536653922,-0.1629385368598945,-0.5684125491004529,0.13667834246169677,0.6,0.0,0.0015492647867698288
0.75,0.2857142857142857,-0.5878056156337043,-0.29533203973360245,0.921290322580645,0.1330117160578911,-0.0997795082158583,-0.10380954222870431,-0.4583980623045747,0.12945802013720645,0.30000000000000004,0.0,0.0016042682703237873
0.625,0.2857142857142857,0.04968528472088764,-0.6709994632908182,0.9870967741935484,0.4500344589937974,-0.6808211106241079,-0.13822828142529955,-0.6506358240399284,0.0946232150559439,0.4,0.0,0.0017417769792086833
0.625,0.14285714285714285,-0.5531536671640777,-0.45835663985590336,0.9277419354838708,0.16884906960716747,-0.11791346100728996,-0.13113163598284747,-0.44881623617365296,0.09341246354537894,0.8999999999999999,0.0,0.0017784459682446555
0.875,0.5714285714285714,-0.9088437037945524,-0.5339608910623613,0.952258064516129,0.4135079255685734,-0.790424289757112,-0.09840016936127519,-0.689329112819865,-0.09539410818523764,0.15555555555555556,0.0,0.0017876132155036487
0.875,0.42857142857142855,-0.8741917553249259,-0.6969854911846622,0.9161290322580645,0.30634045485871814,-0.8207959117637764,-0.028374788416438333,-0.7653954395871263,-0.2000904251043485,0.20000000000000004,0.0,0.001842616699057607
0.625,0.42857142857142855,-0.48384977022482456,-0.7844058401005052,0.8541935483870968,0.0589248793935217,-0.05883204804047797,-0.049492581054388335,-0.4609731991920084,-0.46489205783971277,0.4555555555555555,0.0,0.001961790913424517
0.625,0.42857142857142855,0.11898918166014082,-0.9970486635354201,0.9470967741935483,0.3793935217091661,-0.7679189811046178,-0.11784273338513765,-0.5958769374679043,-0.03241330206013249,0.05555555555555555,0.0,0.002099299622309413
0.625,0.42857142857142855,0.11898918166014082,-0.9970486635354201,0.9974193548387097,0.4341833218470021,-0.6786959633622672,-0.24737680737996232,-0.675956424473986,0.22935551775295682,0.4555555555555555,0.0,0.0023009790620072603
0.625,0.42857142857142855,-0.6224575641033309,-0.1323074396113015,0.9354838709677419,0.16264645072363887,-0.12071587577344423,-0.21491921788105425,-0.39863258819006975,0.12966179010425466,1.0,0.0,0.0023193135565252464
0.875,0.5714285714285714,0.04968528472088764,-0.6709994632908182,0.9870967741935484,0.4500344589937974,-0.6808211106241079,-0.13822828142529955,-0.6887016697724542,0.06411176602159574,0.20000000000000004,0.0,0.002337648051043233
0.5,0.2857142857142857,-0.7702359099160461,-1.186059291551565,0.9574193548387098,0.45554789800137846,-0.8206515422326874,-0.1070077776846399,-0.6507665534355088,0.18197005275677292,0.15555555555555556,0.0,0.002355982545561219
0.875,0.5714285714285714,0.11898918166014082,-0.9970486635354201,0.8632258064516128,0.3077188146106134,-0.7121286435492759,-0.06813745521366858,-0.637433025856928,-0.045846965165596665,0.4,0.0,0.002465989512669136
0.75,0.2857142857142857,0.015033336251261062,-0.5079748631685173,0.9380645161290323,0.4869055823569952,-0.7075092802527352,-0.13993583071415977,-0.6316029011736655,0.10987893957311803,0.5555555555555556,0.0,0.0025118257489641013
0.375,0.2857142857142857,-0.943495652264179,-0.3709362909400604,0.9316129032258065,0.43211578221915925,-0.8025904529522282,-0.06895928509467415,-0.5691707215434444,0.06451930595569236,0.20000000000000004,0.0,0.0028143449085108723
0.0,0.2857142857142857,-0.019618612218365528,-0.34495026304621634,0.9225806451612903,0.33011716057891116,-0.7320689088923819,-0.10784142696629179,-0.5749354815289167,-0.13488001763343674,0.15555555555555556,0.0,0.0032085365406475746
0.0,0.2857142857142857,-0.019618612218365528,-0.34495026304621634,0.9225806451612903,0.33011716057891116,-0.7320689088923819,-0.10784142696629179,-0.6368055828095172,0.1136589090412368,0.5,0.0,0.004152763008323861
0.625,0.42857142857142855,0.13860779387850633,-0.6520984004892036,0.8103225806451613,0.027567195037904894,-0.05869299649874487,-0.044141652624000924,-0.3633379734383486,-0.30315658228707276,0.6,0.0,0.004226100986395805
0.125,0.42857142857142855,0.015033336251261062,-0.5079748631685173,0.9225806451612903,0.339421088904204,-0.737025209077509,-0.0610358658965399,-0.6427664368883604,0.04527984200335122,0.2555555555555556,0.0,0.0042994389644677505
0.125,0.42857142857142855,-0.7702359099160461,-1.186059291551565,0.921290322580645,0.2818745692625776,-0.8591542297165643,-0.050708888883668674,-0.6262694901422331,0.018752132404170174,0.20000000000000004,0.0,0.0044736166623886185
0.875,0.5714285714285714,0.08433723319051424,-0.8340240634131192,0.904516129032258,0.503790489317712,-0.7208453320959809,-0.11041313986406613,-0.6700347311624408,-0.2548320590697216,0.5555555555555556,0.0,0.004794470316453376
0.0,0.14285714285714285,-0.8741917553249259,-0.6969854911846622,0.950967741935484,0.4238456237077877,-0.7976702451498733,-0.09610659884737563,-0.6820480079484097,0.2483232884159002,0.7,0.0,0.004886142789043307
0.875,0.5714285714285714,-0.8545731431065603,-0.3520352281384459,0.8541935483870968,0.10923501033769813,-0.7715282124808263,0.0003439896092932368,-0.5571836486879678,0.15760402118104913,0.4,0.0,0.0049869825088922305
0.5,0.2857142857142857,-0.16281168206397628,-0.5457769887717463,0.8787096774193548,0.049965541006202624,-0.05211288191208878,-0.06604438650485535,-0.5281113468062508,-0.16889974284650597,0.20000000000000004,0.0,0.0058487037512375785
0.75,0.2857142857142857,-0.8545731431065603,-0.3520352281384459,0.9419354838709677,0.1633356305995865,-0.8189194506828417,-0.14107969244689367,-0.587249377873345,-0.009597638606720804,0.4555555555555555,0.0,0.006261229877892267
0.875,0.5714285714285714,-0.08892250915761869,-0.0189010628016145,0.9703225806451613,0.4638180565127498,-0.6959073561956195,-0.2211568941968342,-0.6152366838231187,0.17069806767476606,0.5,0.0,0.006380404092259177
0.125,0.42857142857142855,-0.8048878583856727,-1.023034691429264,0.9329032258064516,0.44245348035837356,-0.8097267737058168,-0.06846026493536939,-0.6149752250319576,-0.003995607726892003,0.30000000000000004,0.0,0.006453742070331121
0.875,0.5714285714285714,-0.5185017186944512,-0.6213812399782043,0.9109677419354838,0.1729841488628532,-0.1222574362020764,-0.1629917868146942,-0.40788759083204007,-0.052659747555990344,0.6,0.0,0.006591250779216018
0.0,0.42857142857142855,-0.943495652264179,-0.3709362909400604,0.9316129032258065,0.43211578221915925,-0.8025904529522282,-0.06895928509467415,-0.675760330380615,0.09833526120171332,0.20000000000000004,0.0,0.006692090499064941
0.625,0.2857142857142857,-0.5531536671640777,-0.45835663985590336,0.9303225806451613,0.14059269469331495,-0.10516902896832105,-0.13380969743916216,-0.47545708740032255,-0.04719356332086044,0.05555555555555555,0.0,0.0067837629716548725
0.75,0.2857142857142857,-0.5185017186944512,-0.6213812399782043,0.9290322580645162,0.147829083390765,-0.10569446074183715,-0.09088774077917322,-0.553105123751357,-0.2525345344015656,0.4,0.0,0.0075538117414102905
0.625,0.42857142857142855,-0.6224575641033309,-0.1323074396113015,0.9354838709677419,0.16264645072363887,-0.12071587577344423,-0.21491921788105425,-0.3715995487766584,0.008227303868007046,0.4,0.0,0.007617982472223242
0.125,0.42857142857142855,0.04968528472088764,-0.6709994632908182,0.9870967741935484,0.4500344589937974,-0.6808211106241079,-0.13822828142529955,-0.6621915479413651,0.29206463058866416,0.2555555555555556,0.0,0.007957170620805984
0.125,0.0,0.08433723319051424,-0.8340240634131192,0.9819354838709676,0.3694004135079256,-0.768931149261234,-0.2500013682739119,-0.6311061875218352,0.3567316514807805,0.4555555555555555,0.0,0.007984672362582965
0.375,0.42857142857142855,-0.7702359099160461,-1.186059291551565,0.9574193548387098,0.45554789800137846,-0.8206515422326874,-0.1070077776846399,-0.6440475269136744,0.322508156300663,0.4,0.0,0.008626379670712479
0.125,0.0,0.08433723319051424,-0.8340240634131192,0.9819354838709676,0.3694004135079256,-0.768931149261234,-0.2500013682739119,-0.6311061875218352,0.3567316514807805,0.4555555555555555,0.0,0.009176414506252064
0.125,0.42857142857142855,-0.08892250915761869,-0.0189010628016145,0.9703225806451613,0.4638180565127498,-0.6959073561956195,-0.2211568941968342,-0.6993031271375285,0.20269196150907687,0.5555555555555556,0.0,0.009185581753511056
0.625,0.42857142857142855,0.13860779387850633,-0.6520984004892036,0.8103225806451613,0.027567195037904894,-0.05869299649874487,-0.044141652624000924,-0.3633379734383486,-0.30315658228707276,0.6,0.0,0.010019801254079426
0.375,0.42857142857142855,-0.8395398068552993,-0.8600100913069632,0.9574193548387098,0.46829772570640943,-0.8286067850399663,-0.10645149291689035,-0.502058777859694,0.3647670536734641,0.05555555555555555,0.0,0.010138975468446337
0.25,0.2857142857142857,-0.8048878583856727,-1.023034691429264,0.9329032258064516,0.44245348035837356,-0.8097267737058168,-0.06846026493536939,-0.6086221827663725,-0.19765705379149362,0.6555555555555554,0.0,0.010303985919108211
0.125,0.2857142857142857,-0.943495652264179,-0.3709362909400604,0.5780645161290322,0.2401791867677464,-0.7700795420038027,0.03955413568485366,-0.6897213010066068,0.1666464049172495,0.35555555555555557,0.0,0.010377323897180156
0.0,0.42857142857142855,-0.8048878583856727,-1.023034691429264,0.9329032258064516,0.44245348035837356,-0.8097267737058168,-0.06846026493536939,-0.6291322897513202,0.19533579253988764,0.20000000000000004,0.0,0.01056983608961901
0.625,0.42857142857142855,-0.5185017186944512,-0.6213812399782043,0.921290322580645,0.12577532736044109,-0.0976302620408133,-0.12182867169979582,-0.5350264674214564,-0.17841758983915237,0.35555555555555557,0.0,0.011092369183381615
0.75,0.2857142857142857,-0.16281168206397628,-0.5457769887717463,0.8412903225806452,0.026188835286009647,-0.030922510184240932,-0.03536225047530179,-0.5381898865890029,-0.3797068981623408,0.20000000000000004,0.0,0.011963257672985957
0.875,0.5714285714285714,-0.6813134007584274,-1.1671582287499507,0.9380645161290323,0.1268090971743625,-0.7854946914928327,-0.03799082602289658,-0.6203740007611801,0.13080461829247023,0.2555555555555556,0.0,0.012559128744820505
0.5,0.5714285714285714,-0.5531536671640777,-0.45835663985590336,0.9277419354838708,0.16884906960716747,-0.11791346100728996,-0.13113163598284747,-0.6744138756575107,-0.22256647194601298,0.4,0.0,0.012824978915331306
0.375,0.42857142857142855,-0.8395398068552993,-0.8600100913069632,0.9574193548387098,0.46829772570640943,-0.8286067850399663,-0.10645149291689035,-0.6490541144561552,0.19526786921753822,0.15555555555555556,0.0,0.013356679256352904
0.125,0.0,-0.019618612218365528,-0.34495026304621634,0.9651612903225806,0.4765678842177809,-0.7111473617601444,-0.3130091747912475,-0.6491194791539454,0.2389412880679527,0.7555555555555555,0.0,0.014163397015144293
0.75,0.42857142857142855,-0.8048878583856727,-1.023034691429264,0.9329032258064516,0.44245348035837356,-0.8097267737058168,-0.06846026493536939,-0.6333807048508096,0.14025454196276724,0.20000000000000004,0.0,0.01576766528546808
0.625,0.42857142857142855,-0.9781476007338056,-0.2079116908177595,0.950967741935484,0.4024810475534115,-0.7874133536653922,-0.1629385368598945,-0.5771054733928026,0.15753609785869965,0.6555555555555554,0.0,0.017628616479043676
0.875,0.14285714285714285,-0.8395398068552993,-0.8600100913069632,0.967741935483871,0.2749827705031014,-0.8146229945690359,-0.26288823878391115,-0.6223478985316951,0.29220047723336307,0.5,0.0,0.02146052583330278
0.375,0.2857142857142857,-0.8199211946369337,-0.5150598282607468,0.9277419354838708,0.14679531357684356,-0.802685379140121,-0.06359199534758822,-0.49056841865604756,0.21099905699115834,0.30000000000000004,0.0,0.02221224010854021
0.75,0.2857142857142857,-0.019618612218365528,-0.34495026304621634,0.9651612903225806,0.4765678842177809,-0.7111473617601444,-0.3130091747912475,-0.6355636535515014,-0.7161360491166389,0.6,0.0,0.023834842873381983
0.75,0.2857142857142857,-0.9781476007338056,-0.2079116908177595,0.9754838709677419,0.2894555478980014,-0.8204423421616938,-0.2267436312831879,-0.6869238660953101,0.033736163631946536,0.5,0.0,0.023954017087748893
0.75,0.14285714285714285,-0.5878056156337043,-0.29533203973360245,0.889032258064516,0.17608545830461753,-0.11840947587824581,-0.08106420053787627,-0.4432867310488497,-0.1287346001748124,0.6,0.0,0.02507242125334605
0.375,0.2857142857142857,-0.5531536671640777,-0.45835663985590336,0.9419354838709677,0.11957270847691247,-0.09498364350395636,-0.13273504501930208,-0.4679798884354965,0.16550357672903393,0.5,0.0,0.02627333064427414
0.375,0.2857142857142857,-0.5531536671640777,-0.45835663985590336,0.9419354838709677,0.11957270847691247,-0.09498364350395636,-0.13273504501930208,-0.4679798884354965,0.16550357672903393,0.5,0.0,0.02627333064427414
0.375,0.2857142857142857,-0.8741917553249259,-0.6969854911846622,0.950967741935484,0.4238456237077877,-0.7976702451498733,-0.09610659884737563,-0.6935775279193542,-0.15047535876235807,0.1,0.0,0.027025044919511573
0.0,0.14285714285714285,-0.943495652264179,-0.3709362909400604,0.9019354838709677,0.31254307374224677,-0.8300901904089061,-0.06882320007884402,-0.6664137591103623,-0.3592566826994348,0.6555555555555554,0.0,0.02779509368926699
0.375,0.42857142857142855,-0.7702359099160461,-1.186059291551565,0.9574193548387098,0.45554789800137846,-0.8206515422326874,-0.1070077776846399,-0.4750911031440729,0.287005986287631,0.1,0.0,0.029078508305526017
0.625,0.42857142857142855,-0.5878056156337043,-0.29533203973360245,0.921290322580645,0.1330117160578911,-0.0997795082158583,-0.10380954222870431,-0.4211557537128307,0.1314838515159647,0.30000000000000004,0.0,0.029206849767151922
0.875,0.5714285714285714,0.015033336251261062,-0.5079748631685173,0.9225806451612903,0.339421088904204,-0.737025209077509,-0.0610358658965399,-0.6684530215786676,-0.15418740490812738,0.30000000000000004,0.0,0.029399361959590777
0.25,0.2857142857142857,-0.9781476007338056,-0.2079116908177595,0.9625806451612903,0.4827705031013094,-0.8432250751522261,-0.18941282832182207,-0.661733995056833,-0.01364930136423742,0.35555555555555557,0.0,0.032892083165267136
0.375,0.14285714285714285,-0.5878056156337043,-0.29533203973360245,0.889032258064516,0.17608545830461753,-0.11840947587824581,-0.08106420053787627,-0.4432867310488497,-0.1287346001748124,0.6,0.0,0.03378130614938946
0.125,0.0,-0.44461254578809345,-0.09450531400807251,0.8980645161290322,0.5141281874569263,-0.36176170188584106,-0.09621126636218832,-0.7339178909808544,-0.3974639173147193,0.35555555555555557,0.0,0.03393714935279235
0.75,0.2857142857142857,-0.7702359099160461,-1.186059291551565,0.921290322580645,0.2818745692625776,-0.8591542297165643,-0.050708888883668674,-0.6338120538048495,-0.15027158879530975,0.4555555555555555,0.0,0.03456968941366287
0.375,0.2857142857142857,-0.8741917553249259,-0.6969854911846622,0.9651612903225806,0.5106822880771882,-0.8532105390334532,-0.0850753073464957,-0.7044404440755899,0.16279851212678118,0.5,0.0,0.044506985442411356
0.75,0.42857142857142855,-0.8545731431065603,-0.3520352281384459,0.9419354838709677,0.1633356305995865,-0.8189194506828417,-0.14107969244689367,-0.5621248715326582,-0.01330968475249017,0.4,0.0,0.04525869971764879
0.875,0.5714285714285714,-0.019618612218365528,-0.34495026304621634,0.9483870967741935,0.2780840799448656,-0.5680371694642348,-0.1729181621760172,-0.5970272980976377,0.15746817453635023,0.4555555555555555,0.0,0.0534450515199296
0.375,0.5714285714285714,-0.8741917553249259,-0.6969854911846622,0.9651612903225806,0.5106822880771882,-0.8532105390334532,-0.0850753073464957,-0.7550162802459148,0.38858969867039245,0.30000000000000004,0.0,0.05876205493014557
0.875,0.5714285714285714,-0.019618612218365528,-0.34495026304621634,0.9483870967741935,0.2780840799448656,-0.5680371694642348,-0.1729181621760172,-0.5630137733712303,0.001878116442334432,0.4,0.0,0.0653624729566206
0.375,0.2857142857142857,-0.7702359099160461,-1.186059291551565,0.9574193548387098,0.45554789800137846,-0.8206515422326874,-0.1070077776846399,-0.6710152016292953,0.40026922368649603,0.4555555555555555,0.0,0.08112097099482968
0.0,0.42857142857142855,-0.8741917553249259,-0.6969854911846622,0.9651612903225806,0.5106822880771882,-0.8532105390334532,-0.0850753073464957,-0.7489246967714911,0.3696219280074491,0.30000000000000004,0.0,0.08725385941109605
0.625,0.2857142857142857,-0.8048878583856727,-1.023034691429264,0.9329032258064516,0.44245348035837356,-0.8097267737058168,-0.06846026493536939,-0.6228446121835254,0.04534776532570062,0.2555555555555556,0.0,0.09478016941072935
1.0,0.2857142857142857,-0.8048878583856727,-1.023034691429264,0.847741935483871,0.24913852515506552,-0.7807850412523275,-0.002582477773606484,-0.7201138536809356,0.21781183938155213,0.30000000000000004,0.0,0.09686113453852077
0.375,0.42857142857142855,-0.9088437037945524,-0.5339608910623613,0.952258064516129,0.4135079255685734,-0.790424289757112,-0.09840016936127519,-0.4723590329305664,0.1977691638527425,0.30000000000000004,0.0,0.14198232554728465
0.875,0.5714285714285714,0.015033336251261062,-0.5079748631685173,0.9380645161290323,0.4869055823569952,-0.7075092802527352,-0.13993583071415977,-0.6324264383144472,0.08139332191752813,0.6,0.0,0.18011807414469583
0.125,0.0,-0.9088437037945524,-0.5339608910623613,0.952258064516129,0.4135079255685734,-0.790424289757112,-0.09840016936127519,-0.6305832699395127,0.007344300677464388,0.15555555555555556,0.0,0.18420666642220676
0.0,0.0,-0.8048878583856727,-1.023034691429264,0.9329032258064516,0.44245348035837356,-0.8097267737058168,-0.06846026493536939,-0.6047005911558346,0.07579129103769938,0.20000000000000004,0.0,0.19515235964944447
0.625,0.42857142857142855,-0.9088437037945524,-0.5339608910623613,0.952258064516129,0.4135079255685734,-0.790424289757112,-0.09840016936127519,-0.6786884946874924,0.31859234018784527,0.4,0.0,1.0
0.75,0.42857142857142855,0.10395584540887975,-0.4890738003669028,0.815483870967742,0.006547208821502412,-0.004352008165854533,-0.06223661632637049,-0.7062574085200322,-0.35939252934413357,0.15555555555555556,0.0,0.0
0.625,0.14285714285714285,0.2079116908177595,-0.9781476007338056,0.8941935483870967,0.05547898001378359,-0.046373073310615326,-0.06465886906772343,-0.5871186484777643,-0.09694447630754988,0.2555555555555556,0.0,0.0
0.375,0.2857142857142857,0.0,0.0,0.8296774193548386,0.07649896623018608,-0.09340927244562378,-0.03456651830928897,-0.4117700216752798,0.22645855147538074,0.30000000000000004,0.0,0.0
0.125,0.2857142857142857,0.015033336251261062,-0.5079748631685173,0.9741935483870968,0.41764300482425915,-0.6969154518796674,-0.18177495429593937,-0.6960481393416995,-0.23593221172912762,0.4,0.0,0.009286421473359981
0.75,0.2857142857142857,0.015033336251261062,-0.5079748631685173,0.9432258064516128,0.5995864920744315,-0.827658201906467,-0.18871448618602787,-0.9135411368133204,-0.17970813296379184,0.7999999999999999,0.15625,0.0
0.125,0.2857142857142857,0.015033336251261062,-0.5079748631685173,0.9432258064516128,0.5995864920744315,-0.827658201906467,-0.18871448618602787,-0.7951605492140441,0.010580883566787602,0.7999999999999999,0.0,0.002630999963331011
0.25,0.2857142857142857,0.015033336251261062,-0.5079748631685173,0.9432258064516128,0.5995864920744315,-0.827658201906467,-0.18871448618602787,-0.7989776153594935,0.24602576374774424,0.6555555555555554,0.0,0.0006967107916834734
0.5,0.2857142857142857,0.015033336251261062,-0.5079748631685173,0.9432258064516128,0.5995864920744315,-0.827658201906467,-0.18871448618602787,-0.7772779869775144,0.21571808468044432,0.5555555555555556,0.0,8.250522533093764e-05
0.125,0.2857142857142857,0.11898918166014082,-0.9970486635354201,0.9483870967741935,0.31185389386629914,-0.5918507395611634,-0.1301546242007714,-0.8615796851525933,-0.17383440879456524,0.20000000000000004,0.0,0.0006875435444244803
0.875,0.5714285714285714,0.11898918166014082,-0.9970486635354201,0.9599999999999999,0.5382494831150931,-0.787508958598713,-0.18616134291108677,-0.7792518847480295,0.37711394362133716,0.2555555555555556,0.0,0.0
0.25,0.2857142857142857,0.11898918166014082,-0.9970486635354201,0.9599999999999999,0.5382494831150931,-0.787508958598713,-0.18616134291108677,-0.680139474875685,0.13060084832542196,0.0,0.0,0.0022643100729712886
0.875,0.42857142857142855,0.11898918166014082,-0.9970486635354201,0.9599999999999999,0.5382494831150931,-0.787508958598713,-0.18616134291108677,-0.7090810473618212,0.36975777465214793,0.30000000000000004,0.0,0.0006233728136115288
0.875,0.42857142857142855,0.11898918166014082,-0.9970486635354201,0.9599999999999999,0.5382494831150931,-0.787508958598713,-0.18616134291108677,-0.712309831227158,0.21214188517937388,0.30000000000000004,0.0,0.00022001393421583368
0.625,0.42857142857142855,0.11898918166014082,-0.9970486635354201,0.9599999999999999,0.5382494831150931,-0.787508958598713,-0.18616134291108677,-0.6697994763017718,0.1667143282395989,0.35555555555555557,0.0,0.00019251219243885447
0.75,0.2857142857142857,0.04968528472088764,-0.6709994632908182,0.9445161290322581,0.3725017229496899,-0.662277357433117,-0.09663977207623971,-0.6585052111914962,0.14396658810853666,0.2555555555555556,0.0,0.0013934215833669467
0.625,0.14285714285714285,0.04968528472088764,-0.6709994632908182,0.9406451612903225,0.4720882150241213,-0.725911266920281,-0.06181302843971944,-0.614217052588966,0.06816342877911225,0.30000000000000004,0.0,0.009478933665798835
0.125,0.42857142857142855,0.04968528472088764,-0.6709994632908182,0.8877419354838709,0.2615437629221227,-0.8098136669226415,-0.03271650969375973,-0.7372382434744736,0.08483367477389975,0.4,0.0,0.0
0.875,0.5714285714285714,-0.019618612218365528,-0.34495026304621634,0.9741935483870968,0.4000689179875948,-0.6842579130575231,-0.1487092605106444,-0.7442840934852598,0.16266266548208225,0.20000000000000004,0.0,0.007352132301712442
0.375,0.14285714285714285,-0.019618612218365528,-0.34495026304621634,0.9741935483870968,0.4000689179875948,-0.6842579130575231,-0.1487092605106444,-0.6999959348827296,0.08685950615265797,0.2555555555555556,0.0,0.0006233728136115288
0.25,0.2857142857142857,-0.019618612218365528,-0.34495026304621634,0.9432258064516128,0.5851137146795314,-0.8177067941717281,-0.18762347244946925,-0.7829120175674062,-0.07102807660951382,0.05555555555555555,0.0,0.0
0.75,0.2857142857142857,-0.019618612218365528,-0.34495026304621634,0.9432258064516128,0.5851137146795314,-0.8177067941717281,-0.18762347244946925,-0.7321662912342026,0.16840054300660995,0.15555555555555556,0.0,0.0012650801217410437
0.125,0.2857142857142857,-0.05427056068799211,-0.1819256629239154,0.9664516129032257,0.33356305995864927,-0.6427429319910705,-0.21236632521367865,-0.7965070039371482,0.33148261671451384,0.4,0.0,0.008113013824208867
0.25,0.2857142857142857,-0.08892250915761869,-0.0189010628016145,0.9406451612903225,0.38352860096485186,-0.6721706101081634,-0.11202992404111205,-0.711263996062513,-0.4866328164272583,0.7999999999999999,0.0,0.003025191595467713
0.125,0.2857142857142857,-0.08892250915761869,-0.0189010628016145,0.9406451612903225,0.38352860096485186,-0.6721706101081634,-0.11202992404111205,-0.6861656936523185,0.1058952001379509,0.30000000000000004,0.0,0.003896080085072055
0.625,0.14285714285714285,-0.08892250915761869,-0.0189010628016145,0.9341935483870967,0.48242591316333566,-0.7355631876400615,-0.07543317202504471,-0.6107921746302584,0.09475906170064283,0.35555555555555557,0.0,0.001430090572402919
0.375,0.2857142857142857,-0.08892250915761869,-0.0189010628016145,0.9754838709677419,0.5737422467263956,-0.8075942722183359,-0.17582242119378655,-0.7726373836912833,0.008758822155077672,0.30000000000000004,0.0,0.005995379707381468
0.375,0.2857142857142857,0.08433723319051424,-0.8340240634131192,0.967741935483871,0.34838042729152313,-0.6527016939514493,-0.2152437086464828,-0.7873565267602665,0.004910929364609462,0.7999999999999999,0.0,0.0007242125334604526
0.625,0.42857142857142855,0.08433723319051424,-0.8340240634131192,0.9754838709677419,0.4500344589937974,-0.7292231594918835,-0.3546304067737043,-0.7240354452914733,-0.055636505447640816,0.4,0.0,0.0001558432034028822
0.125,0.0,0.08433723319051424,-0.8340240634131192,0.9470967741935483,0.5220537560303239,-0.7785596498132381,-0.20108221117394415,-0.6215243613909135,0.32068609488895294,0.30000000000000004,0.0,0.0
0.25,0.2857142857142857,0.08433723319051424,-0.8340240634131192,0.9470967741935483,0.5220537560303239,-0.7785596498132381,-0.20108221117394415,-0.6066091242285594,0.19351373112817769,0.30000000000000004,0.0,0.0
0.375,0.2857142857142857,0.08433723319051424,-0.8340240634131192,0.9470967741935483,0.5220537560303239,-0.7785596498132381,-0.20108221117394415,-0.7024011816072846,-0.04227076566452609,0.2555555555555556,0.0,0.004033588793956951
0.125,0.0,0.08433723319051424,-0.8340240634131192,0.9470967741935483,0.5220537560303239,-0.7785596498132381,-0.20108221117394415,-0.7933827455369,-0.019794718822861657,0.30000000000000004,0.0,0.0004766968574676397
0.875,0.5714285714285714,0.08433723319051424,-0.8340240634131192,0.9470967741935483,0.5220537560303239,-0.7785596498132381,-0.20108221117394415,-0.7629901928625713,-0.07096015328716426,0.4555555555555555,0.0,0.008498038209086576
0.125,0.42857142857142855,0.08433723319051424,-0.8340240634131192,0.9470967741935483,0.5220537560303239,-0.7785596498132381,-0.20108221117394415,-0.6895252069132358,0.03562614836600586,0.4,0.0,0.0028326794030288584
0.375,0.5714285714285714,-0.07388917290635763,-0.5268759259701318,0.847741935483871,0.08993797381116471,-0.41276884694427707,-0.0926444993219117,-0.35806992710470664,-0.3506099706056061,0.8999999999999999,0.0,0.008232188038575778
0.875,0.5714285714285714,0.030066672502522124,-1.0159497263370345,0.8425806451612903,0.09200551343900758,-0.4121905781004245,-0.06588167651162535,-0.3935344320193065,-0.3830114043740136,0.8444444444444444,0.0,0.010258149682813245
0.375,0.5714285714285714,-0.039237224436731055,-0.6899005260924327,0.8503225806451612,0.08718125430737422,-0.4050455456303398,-0.007414135378128184,-0.3935344320193065,-0.3830114043740136,0.5,0.0,0.004931979025338272
0.375,0.2857142857142857,-0.1431930698456108,-0.2008267257255299,0.8606451612903226,0.0837353549276361,-0.40310086028236036,-0.018271424747538928,-0.10392290332145442,-0.011747448338453051,0.8999999999999999,0.0,0.016363536357302633
0.25,0.2857142857142857,-0.1431930698456108,-0.2008267257255299,0.8606451612903226,0.0837353549276361,-0.40310086028236036,-0.018271424747538928,-0.10392290332145442,-0.011747448338453051,0.8999999999999999,0.0,0.009836456308899564
0.375,0.2857142857142857,-0.1431930698456108,-0.2008267257255299,0.8606451612903226,0.0837353549276361,-0.40310086028236036,-0.018271424747538928,-0.10392290332145442,-0.011747448338453051,0.8999999999999999,0.0,0.020195445711561736
0.375,0.2857142857142857,-0.1431930698456108,-0.2008267257255299,0.8606451612903226,0.0837353549276361,-0.40310086028236036,-0.018271424747538928,-0.10392290332145442,-0.011747448338453051,0.8999999999999999,0.0,0.008956400572036229
0.375,0.5714285714285714,-0.17784501831523739,-0.037802125603229,0.8516129032258064,0.08821502412129566,-0.4083586837187301,-0.04470702122385493,-0.304265307069045,-0.41878526767644336,0.5,0.0,0.008498038209086576
0.625,0.42857142857142855,-0.004585275967104452,-0.8529251262147337,0.8606451612903226,0.0837353549276361,-0.40310086028236036,-0.018271424747538928,-0.1376749692567005,-0.030851065646095382,0.8999999999999999,0.0,0.022707271460525834
0.625,0.14285714285714285,-0.16281168206397628,-0.5457769887717463,0.8541935483870968,0.09097174362508614,-0.40854118186887556,-0.032186072033437506,-0.30097115850591794,-0.30484279705408385,0.4,0.0,0.0
0.25,0.2857142857142857,-0.05885583665509653,-1.0348507891386491,0.88,0.018952446588559616,-0.016613776294291636,-0.056018538110961705,-0.3099909062872192,-0.0656179474050084,0.30000000000000004,0.0,0.0010083971984892377
0.5,0.2857142857142857,-0.26676752747285604,-0.0567031884048435,0.8580645161290322,0.013094417643004825,-0.017075735018759353,-0.11137963737787548,-0.35223980242144404,-0.1948840658668914,0.8444444444444444,0.0,0.0222214073557992
0.125,0.42857142857142855,-0.3406567003792137,-0.5835791143749753,0.9703225806451613,0.5809786354238456,-0.48781222510512745,-0.18567557258859063,-0.724362268780425,0.16273058880443175,0.6555555555555554,0.0,0.0
0.75,0.5714285714285714,-0.23670085497033394,-1.0726529147418782,0.9354838709677419,0.6271536871123363,-0.5183610272725814,-0.1871131601519253,-0.7891734912047086,-0.5172801121063054,0.7999999999999999,0.03125,0.0
0.75,0.2857142857142857,-0.3753086488488403,-0.4205545142526743,0.9406451612903225,0.35527222605099934,-0.5575288768171355,-0.12183333891963072,-0.7527809236842387,0.0525001643278416,0.2555555555555556,0.0,0.0
0.75,0.2857142857142857,-0.3753086488488403,-0.4205545142526743,0.9406451612903225,0.35527222605099934,-0.5575288768171355,-0.12183333891963072,-0.6898520304021873,0.25399324261807843,0.15555555555555556,0.0,0.0
0.75,0.2857142857142857,-0.3753086488488403,-0.4205545142526743,0.9406451612903225,0.35527222605099934,-0.5575288768171355,-0.12183333891963072,-0.6786231299897022,0.2749189213374308,0.15555555555555556,0.0,0.0
0.125,0.42857142857142855,-0.3753086488488403,-0.4205545142526743,0.9406451612903225,0.35527222605099934,-0.5575288768171355,-0.12183333891963072,-0.6919958183355811,-0.049830704600763776,0.15555555555555556,0.0,0.0
1.0,0.2857142857142857,-0.3753086488488403,-0.4205545142526743,0.9406451612903225,0.35527222605099934,-0.5575288768171355,-0.12183333891963072,-0.766872623705811,0.2081581457442068,0.05555555555555555,0.0,0.007333797807194456
0.375,0.42857142857142855,-0.44461254578809345,-0.09450531400807251,0.9406451612903225,0.3414886285320469,-0.5441105710009931,-0.07452577151446685,-0.7113555646907954,0.15328066513413474,0.1,0.0,0.0024201532763741705
0.75,0.5714285714285714,-0.2713528034399605,-0.9096283146195772,0.9599999999999999,0.6178497587870435,-0.5084236492436947,-0.16100479000957962,-0.7324277500253638,0.343094218408268,0.5555555555555556,0.0,0.0792508525539951
0.875,0.5714285714285714,-0.2713528034399605,-0.9096283146195772,0.9496774193548386,0.3022053756030324,-0.5171309473284755,-0.11572381756889705,-0.747186053861645,-0.21332031824276432,0.35555555555555557,0.0,0.006022881449158447
0.75,0.42857142857142855,-0.4295792095368323,-0.6024801771765897,0.9599999999999999,0.6178497587870435,-0.5084236492436947,-0.16100479000957962,-0.7484671438869589,0.06390799605454739,0.1,0.0,0.0
0.625,0.2857142857142857,-0.4295792095368323,-0.6024801771765897,0.9251612903225807,0.3046175051688491,-0.33891945634476023,-0.09066101595531147,-0.5291309780404035,-0.06636510395085221,0.15555555555555556,0.0,0.0008250522533093764
0.875,0.5714285714285714,-0.4295792095368323,-0.6024801771765897,0.9251612903225807,0.3046175051688491,-0.33891945634476023,-0.09066101595531147,-0.5508306064223827,-0.03605742488355243,0.20000000000000004,0.0,0.0
0.875,0.5714285714285714,-0.32562336412795256,-1.0915539775434926,0.9354838709677419,0.5055134390075811,-0.4478314502416669,-0.19561883652901915,-0.6462566795448583,0.06235762793223526,0.5,0.0,0.0
0.625,0.42857142857142855,-0.4642311580064589,-0.43945557705428884,0.447741935483871,0.24086836664369404,-0.2647752179742129,0.011367351059389297,-0.737146674846191,-0.5550798067874934,0.2555555555555556,0.0,0.0
0.625,0.42857142857142855,-0.49888310647608547,-0.2764309769319879,0.9251612903225807,0.3177119228118539,-0.3488274174710867,-0.1096239073126749,-0.5503992574683427,0.2544687058745245,0.5,0.0,0.0
0.625,0.42857142857142855,-0.49888310647608547,-0.2764309769319879,0.9251612903225807,0.3177119228118539,-0.3488274174710867,-0.1096239073126749,-0.6055894929944067,0.09097909223252407,0.5555555555555556,0.0,0.0032268710351655606
0.25,0.5714285714285714,-0.5335350549457121,-0.113406376809687,0.9341935483870967,0.32046864231564437,-0.27111739433274323,-0.10791038567160016,-0.6012757131971269,0.10238692395922991,0.4555555555555555,0.0,0.0
0.25,0.5714285714285714,-0.5335350549457121,-0.113406376809687,0.9341935483870967,0.32046864231564437,-0.27111739433274323,-0.10791038567160016,-0.6012757131971269,0.10238692395922991,0.4555555555555555,0.0,0.0
0.625,0.42857142857142855,-0.6420761763216963,-0.4772577026575178,0.856774193548387,0.0926946933149552,-0.1282432160027437,-0.05357329913450595,-0.7830165430324946,-0.5799213016196633,0.5,0.0,0.0
0.0,0.2857142857142857,-0.8741917553249259,-0.6969854911846622,0.9148387096774192,0.28600964851826327,-0.833496897194333,-0.04356860458092846,-0.6928847201741531,-0.03464290340593912,0.20000000000000004,0.0,0.0
0.75,0.2857142857142857,-0.8741917553249259,-0.6969854911846622,0.9148387096774192,0.28600964851826327,-0.833496897194333,-0.04356860458092846,-0.6503743652487671,-0.08007046034571413,0.5555555555555556,0.0,0.00037585713761871585
0.25,0.2857142857142857,-0.8741917553249259,-0.6969854911846622,0.9148387096774192,0.28600964851826327,-0.833496897194333,-0.04356860458092846,-0.7001920289761006,0.21787976270390153,0.35555555555555557,0.0,0.00474863408015841
0.125,0.2857142857142857,-0.8741917553249259,-0.6969854911846622,0.950967741935484,0.36078566505858034,-0.8899604297814202,-0.11466941581559792,-0.566438651329938,-0.02471751647919601,0.15555555555555556,0.0,0.0
0.125,0.2857142857142857,-0.8741917553249259,-0.6969854911846622,0.950967741935484,0.36078566505858034,-0.8899604297814202,-0.11466941581559792,-0.6734858130516407,0.31481237071972645,0.20000000000000004,0.0,0.0
0.75,0.2857142857142857,-0.8741917553249259,-0.6969854911846622,0.950967741935484,0.36078566505858034,-0.8899604297814202,-0.11466941581559792,-0.6838911763233442,0.3223723096559641,0.2555555555555556,0.0,0.0
0.625,0.14285714285714285,-0.8741917553249259,-0.6969854911846622,0.950967741935484,0.36078566505858034,-0.8899604297814202,-0.11466941581559792,-0.6777995928489204,0.3034045389930206,0.15555555555555556,0.0,0.013099996333101096
0.125,0.2857142857142857,-0.8741917553249259,-0.6969854911846622,0.4090322580645161,0.15541006202618884,-0.8178985708097294,0.05004550373468254,-0.6957866805505384,-0.4106258871307858,0.6555555555555554,0.0,0.0
0.625,0.42857142857142855,-0.7702359099160461,-1.186059291551565,0.953548387096774,0.39386629910406623,-0.9108205401008933,-0.09355501131237955,-0.6578777681440855,0.3034724623153701,0.5,0.0,0.0
0.375,0.2857142857142857,-0.7702359099160461,-1.186059291551565,0.953548387096774,0.39386629910406623,-0.9108205401008933,-0.09355501131237955,-0.6350277791323731,0.08328330665158751,0.15555555555555556,0.0,0.0014484250669209052
0.25,0.2857142857142857,-0.7702359099160461,-1.186059291551565,0.9354838709677419,0.4603721571330117,-0.9560945520380679,-0.06179900073293841,-0.5277453625500013,0.16529980676198558,0.2555555555555556,0.0,0.0
0.375,0.42857142857142855,-0.8395398068552993,-0.8600100913069632,0.950967741935484,0.32770503101309445,-0.8664670518855141,-0.09308274143425731,-0.48885597967669375,0.2242968734519236,0.6,0.0,0.0
0.375,0.2857142857142857,-0.8395398068552993,-0.8600100913069632,0.950967741935484,0.32770503101309445,-0.8664670518855141,-0.09308274143425731,-0.504464024584249,0.23563678185628004,0.5,0.0,0.0034652194638993806
0.625,0.42857142857142855,-0.8395398068552993,-0.8600100913069632,0.9561290322580644,0.4062715368711234,-0.9166913672730318,-0.06991499168537511,-0.5876415660600868,0.2524428744957663,0.20000000000000004,0.0,0.0
0.5,0.2857142857142857,-0.8395398068552993,-0.8600100913069632,0.9561290322580644,0.4062715368711234,-0.9166913672730318,-0.06991499168537511,-0.5945566866752924,0.24292502750311984,0.6555555555555554,0.0,0.0040427560412159445
0.625,0.14285714285714285,-0.8395398068552993,-0.8600100913069632,0.9561290322580644,0.4062715368711234,-0.9166913672730318,-0.06991499168537511,-0.5658112082825271,0.13478835772763734,0.7555555555555555,0.0,0.03149866158190019
0.0,0.2857142857142857,-0.8395398068552993,-0.8600100913069632,0.9561290322580644,0.4062715368711234,-0.9166913672730318,-0.06991499168537511,-0.4696923274148503,0.15220576026826865,0.4,0.0,0.006609585273734004
0.625,0.42857142857142855,-0.8395398068552993,-0.8600100913069632,0.9561290322580644,0.4062715368711234,-0.9166913672730318,-0.06991499168537511,-0.4696923274148503,0.15220576026826865,0.4,0.0,0.0009258919731583001
0.25,0.42857142857142855,-0.8395398068552993,-0.8600100913069632,0.9290322580645162,0.4679531357684356,-0.961797589511341,-0.0542526696888425,-0.44430636228300235,-0.0261999612791588,0.2555555555555556,0.0,0.0019984599024604893
0.625,0.42857142857142855,-0.8395398068552993,-0.8600100913069632,0.8954838709677418,0.17987594762232942,-0.8478644648894028,-0.037203274515233024,-0.582674139284904,-0.17288348228167308,0.15555555555555556,0.0,0.004051923288474937
0.0,0.2857142857142857,-0.9088437037945524,-0.5339608910623613,0.9483870967741935,0.34872501722949695,-0.8803740183469722,-0.08853650369820448,-0.6552764273261595,0.3015824775813106,0.30000000000000004,0.0,0.0
0.5,0.2857142857142857,-0.9088437037945524,-0.5339608910623613,0.9483870967741935,0.34872501722949695,-0.8803740183469722,-0.08853650369820448,-0.6526750865082337,0.29969249284725125,0.30000000000000004,0.0,0.0
0.625,0.42857142857142855,-0.9088437037945524,-0.5339608910623613,0.9483870967741935,0.34872501722949695,-0.8803740183469722,-0.08853650369820448,-0.6118118058644111,0.19729370059629645,0.20000000000000004,0.0,0.0
0.625,0.42857142857142855,-0.9088437037945524,-0.5339608910623613,0.9483870967741935,0.34872501722949695,-0.8803740183469722,-0.08853650369820448,-0.5935370554411397,0.14039038860746617,0.15555555555555556,0.0,0.0
0.375,0.14285714285714285,-0.9088437037945524,-0.5339608910623613,0.9483870967741935,0.34872501722949695,-0.8803740183469722,-0.08853650369820448,-0.6370670416006784,0.28835258444289485,0.4,0.0,0.0030526933372446927
0.25,0.14285714285714285,-0.9088437037945524,-0.5339608910623613,0.9483870967741935,0.34872501722949695,-0.8803740183469722,-0.08853650369820448,-0.6552764273261595,0.3015824775813106,0.30000000000000004,0.0,0.00603204869641744
0.75,0.2857142857142857,-0.9088437037945524,-0.5339608910623613,0.9354838709677419,0.4248793935217092,-0.9317394842254869,-0.08673156437912563,-0.5919553458573664,0.2410350427690604,0.4555555555555555,0.0,0.014337574713065163
0.375,0.2857142857142857,-0.9088437037945524,-0.5339608910623613,0.9354838709677419,0.4248793935217092,-0.9317394842254869,-0.08673156437912563,-0.5673929178663003,0.034143703566043127,0.20000000000000004,0.0,0.010285651424590226
0.0,0.2857142857142857,-0.943495652264179,-0.3709362909400604,0.9470967741935483,0.29841488628532054,-0.8461771774388256,-0.11058350325323828,-0.6833028940432314,-0.07068845999776652,0.30000000000000004,0.0,0.001952623666165524
0.125,0.14285714285714285,-0.943495652264179,-0.3709362909400604,0.9406451612903225,0.36974500344589945,-0.8922620784586224,-0.048393762570828586,-0.6599561913796889,-0.04402490375388668,0.5555555555555556,0.0,0.0
0.375,0.14285714285714285,-0.943495652264179,-0.3709362909400604,0.9406451612903225,0.36974500344589945,-0.8922620784586224,-0.048393762570828586,-0.6886754658419619,-0.5321282966893828,0.15555555555555556,0.0,0.0
0.75,0.2857142857142857,-0.943495652264179,-0.3709362909400604,0.9406451612903225,0.36974500344589945,-0.8922620784586224,-0.048393762570828586,-0.6453677777062863,0.0471698267374106,0.20000000000000004,0.0,0.0
0.625,0.14285714285714285,-0.943495652264179,-0.3709362909400604,0.9406451612903225,0.36974500344589945,-0.8922620784586224,-0.048393762570828586,-0.672466181817488,0.2122777318240728,0.20000000000000004,0.0,0.05137325363939717
0.875,0.5714285714285714,-0.943495652264179,-0.3709362909400604,0.9406451612903225,0.36974500344589945,-0.8922620784586224,-0.048393762570828586,-0.6715772799789159,0.19708993062924818,0.20000000000000004,0.0,0.006857100949726817
0.125,0.2857142857142857,-0.943495652264179,-0.3709362909400604,0.9406451612903225,0.36974500344589945,-0.8922620784586224,-0.048393762570828586,-0.6532371648578542,0.09651319979000328,0.15555555555555556,0.0,0.0013475853470719813
0.125,0.42857142857142855,-0.943495652264179,-0.3709362909400604,0.9406451612903225,0.36974500344589945,-0.8922620784586224,-0.048393762570828586,-0.6453677777062863,0.0471698267374106,0.20000000000000004,0.0,0.003602728172784277
0.875,0.5714285714285714,-0.943495652264179,-0.3709362909400604,0.9445161290322581,0.3811164713990352,-0.9000054062131957,-0.05321294820851421,-0.6001253525673937,-0.08749455263725286,0.20000000000000004,0.0,0.0
0.625,0.14285714285714285,-0.943495652264179,-0.3709362909400604,0.9393548387096774,0.4445210199862164,-0.9443007393688825,-0.06798435631495016,-0.6307793640328837,0.13836455722870786,0.15555555555555556,0.0,0.0
0.875,0.5714285714285714,-0.943495652264179,-0.3709362909400604,0.9393548387096774,0.4445210199862164,-0.9443007393688825,-0.06798435631495016,-0.6053280342032454,-0.0837145831691341,0.4555555555555555,0.0,0.0019984599024604893
0.625,0.14285714285714285,-0.943495652264179,-0.3709362909400604,0.9393548387096774,0.4445210199862164,-0.9443007393688825,-0.06798435631495016,-0.6128052331680716,-0.2964117232190284,0.5,0.0,0.0055920208279857725
0.125,0.0,-0.943495652264179,-0.3709362909400604,0.9393548387096774,0.4445210199862164,-0.9443007393688825,-0.06798435631495016,-0.5734191366429338,0.009438055378572063,0.30000000000000004,0.0,0.00534450515199296
0.0,0.2857142857142857,-0.943495652264179,-0.3709362909400604,0.9393548387096774,0.4445210199862164,-0.9443007393688825,-0.06798435631495016,-0.6351585085279536,0.17063014435241658,0.20000000000000004,0.0,0.025842470023101465
0.5,0.2857142857142857,-0.9781476007338056,-0.2079116908177595,0.9470967741935483,0.3373535492763612,-0.8746128258140066,-0.11038197297061408,-0.6204131615284783,-0.4217620255680938,0.35555555555555557,0.0,0.0
0.25,0.2857142857142857,-0.9781476007338056,-0.2079116908177595,0.9470967741935483,0.3373535492763612,-0.8746128258140066,-0.11038197297061408,-0.685838870163367,-0.11247189411412178,0.4555555555555555,0.0,0.0
0.5,0.2857142857142857,-0.9781476007338056,-0.2079116908177595,0.9470967741935483,0.3373535492763612,-0.8746128258140066,-0.11038197297061408,-0.6145830368452156,-0.2660361208293791,0.35555555555555557,0.0,0.0015034285504748634
0.5,0.2857142857142857,-0.9781476007338056,-0.2079116908177595,0.9470967741935483,0.3373535492763612,-0.8746128258140066,-0.11038197297061408,-0.6204131615284783,-0.4217620255680938,0.35555555555555557,0.0,0.003401048733086429
0.375,0.2857142857142857,-0.9781476007338056,-0.2079116908177595,0.9470967741935483,0.3373535492763612,-0.8746128258140066,-0.11038197297061408,-0.6061515713440272,-0.11220020082472396,0.6555555555555554,0.0,0.006701257746323934
0.75,0.2857142857142857,-0.9781476007338056,-0.2079116908177595,0.9470967741935483,0.3373535492763612,-0.8746128258140066,-0.11038197297061408,-0.6722700877241171,0.08125747527282923,0.35555555555555557,0.0,0.001860951193575593
0.75,0.2857142857142857,-0.9781476007338056,-0.2079116908177595,0.9470967741935483,0.3373535492763612,-0.8746128258140066,-0.11038197297061408,-0.6791198436415324,0.02806620942976834,0.2555555555555556,0.0,0.0015767665285468082
0.75,0.2857142857142857,-0.9781476007338056,-0.2079116908177595,0.9470967741935483,0.3373535492763612,-0.8746128258140066,-0.11038197297061408,-0.6712504564899644,-0.021277163622824447,0.20000000000000004,0.0,0.005472846613618862
0.375,0.2857142857142857,-0.9781476007338056,-0.2079116908177595,0.9470967741935483,0.3373535492763612,-0.8746128258140066,-0.11038197297061408,-0.6221518044383243,0.16118022068211962,0.5,0.0,0.01197242492024495
0.375,0.2857142857142857,-0.9781476007338056,-0.2079116908177595,0.9470967741935483,0.3373535492763612,-0.8746128258140066,-0.11038197297061408,-0.6221518044383243,0.16118022068211962,0.5,0.0,0.0011550731546331268
0.625,0.14285714285714285,-0.9781476007338056,-0.2079116908177595,0.952258064516129,0.41660923501033775,-0.927301940333664,-0.11741889489092118,-0.6329885166640676,-0.12178597113971984,0.35555555555555557,0.0,0.0
0.625,0.14285714285714285,-0.9781476007338056,-0.2079116908177595,0.952258064516129,0.41660923501033775,-0.927301940333664,-0.11741889489092118,-0.6211975379019619,0.1023190006368804,0.2555555555555556,0.0,0.0
0.0,0.2857142857142857,-0.9781476007338056,-0.2079116908177595,0.952258064516129,0.41660923501033775,-0.927301940333664,-0.11741889489092118,-0.6576163093529243,0.12877878691371206,0.20000000000000004,0.0,0.007443804774302372
0.625,0.42857142857142855,-0.9781476007338056,-0.2079116908177595,0.952258064516129,0.41660923501033775,-0.927301940333664,-0.11741889489092118,-0.6081254691145422,0.04919565811616888,0.20000000000000004,0.0,0.0009992299512302447
0.375,0.14285714285714285,-0.9781476007338056,-0.2079116908177595,0.952258064516129,0.41660923501033775,-0.927301940333664,-0.11741889489092118,-0.6002560819629743,-0.00014771493642379285,0.4,0.0,0.0036118954200432696
0.75,0.2857142857142857,-0.9781476007338056,-0.2079116908177595,0.896774193548387,0.18642315644383184,-0.8618911351973859,-0.14700923931394366,-0.6770152164754366,-0.22067648721195354,0.30000000000000004,0.0,0.0004766968574676397
0.375,0.14285714285714285,-0.8048878583856727,-1.023034691429264,0.9445161290322581,0.3811164713990352,-0.9000054062131957,-0.05321294820851421,-0.6191582754336565,-0.10275027715442697,0.20000000000000004,0.0,0.0026860034468849697
0.625,0.42857142857142855,-0.8048878583856727,-1.023034691429264,0.9445161290322581,0.3811164713990352,-0.9000054062131957,-0.05321294820851421,-0.6299558268921019,0.16685017488429782,0.2555555555555556,0.0,0.005179494701331085
0.625,0.42857142857142855,-0.8048878583856727,-1.023034691429264,0.9445161290322581,0.3811164713990352,-0.9000054062131957,-0.05321294820851421,-0.6600869207752695,0.04332193394694239,0.30000000000000004,0.0,0.01836199625976312
0.375,0.42857142857142855,-0.8048878583856727,-1.023034691429264,0.9341935483870967,0.4521019986216403,-0.9563673371321783,-0.1564847752923022,-0.515431466205573,0.040017427735269645,0.5555555555555556,0.0,0.0016042682703237873
0.375,0.42857142857142855,-0.8048878583856727,-1.023034691429264,0.9341935483870967,0.4521019986216403,-0.9563673371321783,-0.1564847752923022,-0.4523718435279412,0.15416366832467748,0.35555555555555557,0.0,0.0
0.625,0.42857142857142855,-0.9088437037945524,-0.5339608910623613,0.9354838709677419,0.321157822191592,-0.8720678089452544,-0.08911733044100183,-0.6010796191037561,-0.02863333259201367,0.5,0.0,0.011587400535367241
0.375,0.42857142857142855,-0.8741917553249259,-0.6969854911846622,0.9329032258064516,0.9483115093039283,-0.9648613626733974,-0.05939908166049844,-0.7304930130221468,-0.3708682843931888,0.7999999999999999,0.0,0.0
0.75,0.2857142857142857,-0.8741917553249259,-0.6969854911846622,0.9329032258064516,0.9483115093039283,-0.9648613626733974,-0.05939908166049844,-0.7304930130221468,-0.3708682843931888,0.7999999999999999,0.0,0.010138975468446337
0.25,0.2857142857142857,-0.23670085497033394,-1.0726529147418782,0.9445161290322581,0.4565816678152998,-0.6096323682673002,-0.10032106833340593,-0.6095110846049445,-0.18246925259666888,0.4,0.0,0.0
0.375,0.42857142857142855,0.015033336251261062,-0.5079748631685173,0.9458064516129032,0.6964162646450723,-0.7782206766883673,-0.09031910934837027,-0.6282171839822559,-0.41609207136591564,0.05555555555555555,0.0,0.0
0.5,0.2857142857142857,0.04968528472088764,-0.6709994632908182,0.9819354838709676,0.7625775327360442,-0.8253257788358485,-0.1906644690492586,-0.6575509446551339,0.08510536806329749,0.2555555555555556,0.0,0.0
0.625,0.42857142857142855,-0.9781476007338056,-0.2079116908177595,0.9238709677419354,0.9955203308063404,-1.00056502911826,-0.06226308995271135,-0.6463612050099468,-0.44653559707791435,0.4,0.0,0.01677606248395732
0.625,0.42857142857142855,-0.9088437037945524,-0.5339608910623613,0.9354838709677419,0.321157822191592,-0.8720678089452544,-0.08911733044100183,-0.6338120538048495,-0.15027158879530975,0.5,0.0,0.03607311796413773
0.875,0.5714285714285714,-0.05427056068799211,-0.1819256629239154,0.9470967741935483,0.7095106822880772,-0.7878211178286673,-0.09143466505997666,-0.7613431185810078,-0.013988917975984505,0.20000000000000004,0.0,0.0
0.125,0.0,-0.019618612218365528,-0.34495026304621634,0.967741935483871,0.7925568573397657,-0.8377900715550671,-0.0915142633373345,-0.6991723977419478,0.11534512380824785,0.20000000000000004,0.0,0.16008763888379599
0.625,0.42857142857142855,-0.48384977022482456,-0.7844058401005052,0.9316129032258065,0.06133700895933838,-0.03650391954877325,-0.14039811358642235,-0.4180314953125823,-0.21979348402141086,0.6,0.0,0.0
0.375,0.42857142857142855,-0.251734191221595,-0.5646780515733608,0.0,0.0,-0.1912767939691348,0.01337537640103732,-0.6658254768302495,-0.7523174523531654,0.05555555555555555,0.0,0.0
0.5,0.2857142857142857,-0.23670085497033394,-1.0726529147418782,0.967741935483871,0.3452791178497588,-0.5422996192053909,-0.174717907012854,-0.6107921746302584,0.09475906170064283,0.7555555555555555,0.0,0.0070862821312016435
0.875,0.5714285714285714,0.04968528472088764,-0.6709994632908182,0.9290322580645162,0.6650585802894555,-0.7514516105776993,-0.06896149340080893,-0.6961135040394899,-0.19225879287871311,0.2555555555555556,0.0,0.014970114773935683
0.875,0.5714285714285714,0.11898918166014082,-0.9970486635354201,0.9870967741935484,0.746381805651275,-0.8203628031705092,-0.2642737562210431,-0.7731603012736057,0.3581461729583938,0.15555555555555556,0.0,0.0053720068937699395
1.0,0.5714285714285714,0.04968528472088764,-0.6709994632908182,0.9406451612903225,0.852170916609235,-0.8804535573381568,-0.05100637876034923,-0.7733955561342747,-0.06340021435092669,0.2555555555555556,0.0,0.03929998899930329
0.875,0.2857142857142857,-0.019618612218365528,-0.34495026304621634,0.9406451612903225,0.9396967608545831,-0.9585880893273397,-0.07055905538883178,-0.6973945940648038,0.08496952141859859,0.4555555555555555,0.0,0.01116570716145356
0.125,0.2857142857142857,0.015033336251261062,-0.5079748631685173,0.9406451612903225,0.6209510682288079,-0.7173496958574451,-0.08564120320875679,-0.7284799544843337,0.020302500526482303,0.20000000000000004,0.0,0.014667595614388912
0.25,0.2857142857142857,-0.8741917553249259,-0.6969854911846622,0.9264516129032258,0.32942798070296353,-0.8829344224124326,-0.14196398141858604,-0.7552515351065839,-0.03295668863892803,0.5555555555555556,0.0,0.02254226100986396
0.5,0.42857142857142855,-0.48384977022482456,-0.7844058401005052,0.9316129032258065,0.06133700895933838,-0.03650391954877325,-0.14039811358642235,-0.47272501718681603,-0.13643038575574898,0.5555555555555556,0.0,0.0
0.625,0.2857142857142857,-0.08892250915761869,-0.0189010628016145,0.9819354838709676,0.7784286698828394,-0.8324393581670888,-0.15621624400293896,-0.6802702042712656,0.217947686026251,0.30000000000000004,0.0,0.02634666862234608
0.75,0.2857142857142857,-0.08892250915761869,-0.0189010628016145,0.9819354838709676,0.7784286698828394,-0.8324393581670888,-0.15621624400293896,-0.6802702042712656,0.217947686026251,0.30000000000000004,0.0,0.0
0.75,0.2857142857142857,-0.23211557900322946,-0.21972778852714442,0.8516129032258064,0.02894555478980014,-0.0640604545742874,-0.0687826987457221,-0.5251178178015832,-0.4328302406830524,0.6555555555555554,0.0,0.009130578269957099
0.875,0.5714285714285714,-0.9781476007338056,-0.2079116908177595,0.9341935483870967,0.3108201240523777,-0.8632053933766043,-0.0682944434622495,-0.6956167903876597,0.054593919028949334,0.2555555555555556,0.0,0.027666752227641086
0.0,0.14285714285714285,-0.8741917553249259,-0.6969854911846622,0.9329032258064516,0.9483115093039283,-0.9648613626733974,-0.05939908166049844,-0.7060875183571533,0.10582727681560139,0.4,0.0,0.06486744160463497
0.125,0.2857142857142857,-0.44919782175519796,-0.9474304402228062,0.9638709677419355,0.047898001378359756,-0.03488214138352847,-0.20126557379235946,-0.36583478879118614,0.2076266274571362,0.7999999999999999,0.0,0.0
0.625,0.42857142857142855,-0.23211557900322946,-0.21972778852714442,0.8438709677419354,0.01206064782908339,-0.04812722753738118,-0.035946063394206376,-0.4471429579615972,-0.44585636385441985,0.15555555555555556,0.0,0.0
0.375,0.42857142857142855,-0.16281168206397628,-0.5457769887717463,0.8554838709677419,0.027222605099931085,-0.061676551924188514,-0.058228093735233924,-0.5305165935308058,-0.2980300146636901,0.15555555555555556,0.0,0.047468006307066116
0.375,0.14285714285714285,-0.8741917553249259,-0.6969854911846622,0.9264516129032258,0.32942798070296353,-0.8829344224124326,-0.14196398141858604,-0.7500488534707321,-0.03673665810704685,0.5,0.0,0.0033368780022734776
0.5,0.5714285714285714,0.015033336251261062,-0.5079748631685173,0.9406451612903225,0.6209510682288079,-0.7173496958574451,-0.08564120320875679,-0.6993684918353189,0.24636538035949146,0.35555555555555557,0.0,0.0033277107550144843
0.0,0.0,-0.019618612218365528,-0.34495026304621634,0.967741935483871,0.7925568573397657,-0.8377900715550671,-0.0915142633373345,-0.7340748243069272,0.2861229830970883,0.30000000000000004,0.0,0.0
1.0,0.42857142857142855,-0.32562336412795256,-1.0915539775434926,0.9625806451612903,0.1667815299793246,-0.35644176289127905,-0.22523891740933139,-0.8025332227137818,0.3067769685270427,0.4555555555555555,0.0,0.0
1.0,0.42857142857142855,-0.32562336412795256,-1.0915539775434926,0.9625806451612903,0.1667815299793246,-0.35644176289127905,-0.22523891740933139,-0.8025332227137818,0.3067769685270427,0.4555555555555555,0.0,0.007480473763338345
0.25,0.2857142857142857,-0.8395398068552993,-0.8600100913069632,0.9341935483870967,0.30013783597518956,-0.8570858800235599,-0.08837808501346131,-0.750244947564103,0.09428359844419676,0.4,0.0,0.00453778739320157
1.0,1.0,-0.08892250915761869,-0.0189010628016145,0.9819354838709676,0.7784286698828394,-0.8324393581670888,-0.15621624400293896,-0.7383232394064166,0.2310417325199679,0.4,0.0,0.0
0.875,0.5714285714285714,0.04968528472088764,-0.6709994632908182,0.9290322580645162,0.6650585802894555,-0.7514516105776993,-0.06896149340080893,-0.676649232219187,0.11352306239653792,0.35555555555555557,0.0,0.0
0.125,0.2857142857142857,-0.7702359099160461,-1.186059291551565,0.8929032258064517,0.28842177808408,-0.8436448327850693,-0.007121312721282559,-0.6412500920023776,0.18959791501536002,0.20000000000000004,0.0,0.005537017344431815
0.125,0.0,0.08433723319051424,-0.8340240634131192,0.9793548387096773,0.7270847691247416,-0.7991476537840291,-0.11387212790964012,-0.7515260375894169,0.37151191274150847,0.20000000000000004,0.0,0.0
0.625,0.42857142857142855,-0.9088437037945524,-0.5339608910623613,0.8825806451612902,1.0,-1.0025377738779437,-0.0013710877717264675,-0.7445847130437192,-0.2152103029768237,0.5,0.0,0.003621062667302263
0.375,0.42857142857142855,-0.19746363053360289,-0.38275238864944533,0.8516129032258064,0.02446588559614059,-0.05870770495002499,-0.04771439201649204,-0.5265296372224777,-0.06825508868491162,0.4,0.0,0.0
0.375,0.14285714285714285,-0.9781476007338056,-0.2079116908177595,0.9238709677419354,0.9955203308063404,-1.00056502911826,-0.06226308995271135,-0.6609758226138415,0.05850973514176694,0.30000000000000004,0.0,0.007150452862014595
0.0,0.2857142857142857,-0.2713528034399605,-0.9096283146195772,0.9496774193548386,0.32770503101309445,-0.5324872630123851,-0.1789778217066828,-0.6621261832435748,0.2483912117382497,0.5555555555555556,0.0,0.0
0.625,0.14285714285714285,-0.26676752747285604,-0.0567031884048435,0.8438709677419354,0.02136457615437629,-0.05588526374323463,-0.04433798842438312,-0.5118758588512848,-0.0207337770440289,0.2555555555555556,0.0,0.0
0.75,0.2857142857142857,-0.26676752747285604,-0.0567031884048435,0.8503225806451612,0.007236388697450035,-0.04586834672316332,-0.055759743219892674,-0.4188550324533641,-0.24827910167700074,1.0,0.0,0.004235268233654798
1.0,0.2857142857142857,-0.40996059731846685,-0.2575299141303734,0.9496774193548386,0.31357684355616816,-0.5201512738821196,-0.13874210716135785,-0.6188576558751973,0.2751226913044791,0.4555555555555555,0.0,0.0014942613032158704
0.75,0.42857142857142855,-0.019618612218365528,-0.34495026304621634,0.967741935483871,0.7925568573397657,-0.8377900715550671,-0.0915142633373345,-0.7539966490117621,0.2860550597747388,0.35555555555555557,0.0,0.0
0.5,0.2857142857142857,0.015033336251261062,-0.5079748631685173,0.9664516129032257,0.8063404548587182,-0.849263013277802,-0.12108902431363092,-0.8117228606579617,0.08078201201638313,0.4,0.0,0.0
0.875,0.5714285714285714,0.04968528472088764,-0.6709994632908182,0.9819354838709676,0.7625775327360442,-0.8253257788358485,-0.1906644690492586,-0.7411206743177134,0.3639519738052709,0.5,0.0,0.6841333284441348
0.625,0.14285714285714285,-0.2713528034399605,-0.9096283146195772,0.9548387096774194,0.5616815988973122,-0.6754462983229254,-0.11180086560733282,-0.7928860318850698,0.22705799308480082,0.30000000000000004,0.0,0.006435407575813135
0.625,0.42857142857142855,-0.41454587328557135,-1.110455040345107,0.9638709677419355,0.055823569951757405,-0.03617569437668268,-0.174371860448485,-0.3639916204162517,0.1335776062170724,0.6,0.0,0.0
0.125,0.2857142857142857,0.015033336251261062,-0.5079748631685173,0.9458064516129032,0.6964162646450723,-0.7782206766883673,-0.09031910934837027,-0.7772126222797242,0.17204466583002986,0.5555555555555556,0.0,0.0022368083311943092
0.125,0.42857142857142855,0.015033336251261062,-0.5079748631685173,0.9406451612903225,0.6209510682288079,-0.7173496958574451,-0.08564120320875679,-0.733120557770565,0.22726176305184909,0.4,0.0,0.0027960104139928862
0.875,0.8571428571428571,0.11898918166014082,-0.9970486635354201,0.9419354838709677,0.6557546519641627,-0.7443888320805113,-0.08732421052256928,-0.7695393292215271,0.2537215493286807,0.4555555555555555,0.0,0.17029078508305526
0.125,0.2857142857142857,0.11898918166014082,-0.9970486635354201,0.9870967741935484,0.746381805651275,-0.8203628031705092,-0.2642737562210431,-0.7716439563876228,0.5024642459704026,0.4555555555555555,0.0,0.0
0.875,0.5714285714285714,-0.3406567003792137,-0.5835791143749753,0.9058064516129033,0.9028256374913853,-0.9283380954294159,-0.028002242178452194,-0.7879448090403792,0.39797169901834,0.35555555555555557,0.0,0.005775365773165634
0.0,0.14285714285714285,-0.9088437037945524,-0.5339608910623613,0.9354838709677419,0.321157822191592,-0.8720678089452544,-0.08911733044100183,-0.7510684847048849,0.06579798078860682,0.4,0.0,0.0006600418026475011
0.875,0.5714285714285714,-0.019618612218365528,-0.34495026304621634,0.967741935483871,0.7925568573397657,-0.8377900715550671,-0.0915142633373345,-0.7531731118709803,0.31454067743032865,0.35555555555555557,0.0,0.004546954640460563
0.125,0.0,0.04968528472088764,-0.6709994632908182,0.9406451612903225,0.852170916609235,-0.8804535573381568,-0.05100637876034923,-0.7569639740859377,-0.04625450509969331,0.20000000000000004,0.0,0.0
0.875,0.5714285714285714,0.04968528472088764,-0.6709994632908182,0.9406451612903225,0.852170916609235,-0.8804535573381568,-0.05100637876034923,-0.7569639740859377,-0.04625450509969331,0.20000000000000004,0.0,0.0
0.125,0.2857142857142857,-0.05427056068799211,-0.1819256629239154,0.9470967741935483,0.7095106822880772,-0.7878211178286673,-0.09143466505997666,-0.7930167612806504,0.3144048307856298,0.20000000000000004,0.0,0.0021543031058633717
0.0,0.14285714285714285,0.04968528472088764,-0.6709994632908182,0.9819354838709676,0.7625775327360442,-0.8253257788358485,-0.1906644690492586,-0.7557090879911159,0.27275724331397355,0.6,0.0,0.0
0.25,0.2857142857142857,0.015033336251261062,-0.5079748631685173,0.9406451612903225,0.6209510682288079,-0.7173496958574451,-0.08564120320875679,-0.7832388410563577,0.1473390176425588,0.4,0.0,0.0029335191228777825
0.75,0.2857142857142857,-0.8395398068552993,-0.8600100913069632,0.9161290322580645,0.9858718125430737,-0.9927996386867666,-0.052084795226289046,-0.6548842391394176,0.03954196447882358,0.35555555555555557,0.0,0.0
0.0,0.14285714285714285,-0.019618612218365528,-0.34495026304621634,0.9470967741935483,0.609579600275672,-0.7108284150759095,-0.1218348946595757,-0.721760927962499,0.16084060407037237,0.4,0.0,0.005830369256719593
0.875,0.5714285714285714,0.04968528472088764,-0.6709994632908182,0.9819354838709676,0.7625775327360442,-0.8253257788358485,-0.1906644690492586,-0.7235387316396431,0.1912162064600216,0.7,0.0,0.0
0.125,0.2857142857142857,0.015033336251261062,-0.5079748631685173,0.9664516129032257,0.8063404548587182,-0.849263013277802,-0.12108902431363092,-0.8391218843276227,-0.1319830513558607,0.5,0.0,0.01406255729529537
0.0,0.2857142857142857,-0.08892250915761869,-0.0189010628016145,0.9277419354838708,0.9259131633356306,-0.9466104210171528,-0.03208516856470456,-0.7277217820413422,0.09246153703248672,0.35555555555555557,0.0,0.0
0.125,0.42857142857142855,-0.3753086488488403,-0.4205545142526743,0.9303225806451613,0.28807718814610617,-0.43830115763062727,-0.06941649878847743,-0.8108339588193897,0.06559421082155847,0.15555555555555556,0.0,0.0
0.875,0.5714285714285714,-0.05427056068799211,-0.1819256629239154,0.9470967741935483,0.7095106822880772,-0.7878211178286673,-0.09143466505997666,-0.7782322535138768,0.27457930472568354,0.1,0.0,0.0004950313519856258
0.875,0.5714285714285714,-0.019618612218365528,-0.34495026304621634,0.9122580645161291,0.8700895933838733,-0.9017615966762456,-0.1102704299298317,-0.713237893833028,-0.3252369574863656,0.2555555555555556,0.0,0.0
0.125,0.42857142857142855,-0.019618612218365528,-0.34495026304621634,0.967741935483871,0.7925568573397657,-0.8377900715550671,-0.0915142633373345,-0.8194615184139491,0.042778547368146846,0.4,0.0,0.005894539987532544
0.0,0.14285714285714285,-0.9781476007338056,-0.2079116908177595,0.9341935483870967,0.3108201240523777,-0.8632053933766043,-0.0682944434622495,-0.6539953373008457,0.02435416328399903,0.20000000000000004,0.0,0.0003025191595467713
0.5,0.2857142857142857,-0.9781476007338056,-0.2079116908177595,0.9238709677419354,0.9955203308063404,-1.00056502911826,-0.06226308995271135,-0.661537900963462,-0.14466955791548086,0.35555555555555557,0.0,0.0
0.875,0.5714285714285714,-0.05427056068799211,-0.1819256629239154,0.9470967741935483,0.7095106822880772,-0.7878211178286673,-0.09143466505997666,-0.702924099189607,0.3071165851387899,0.15555555555555556,0.0,0.0011275714128561477
0.625,0.42857142857142855,0.03465194846962658,-0.1630246001223009,0.8929032258064517,0.08201240523776705,-0.04402594178871674,-0.06303611253846304,-0.5651575613046239,-0.3019458307765077,0.30000000000000004,0.0,0.0030710278317626787
0.0,0.0,-0.44461254578809345,-0.09450531400807251,0.9290322580645162,0.2749827705031014,-0.4425175079818889,-0.2692526656758515,-0.7634215418166111,-0.36148628404524136,0.8444444444444444,0.0,0.0
0.125,0.42857142857142855,-0.9781476007338056,-0.2079116908177595,0.9238709677419354,0.9955203308063404,-1.00056502911826,-0.06226308995271135,-0.661537900963462,-0.14466955791548086,0.35555555555555557,0.0,0.009130578269957099
0.5,0.42857142857142855,0.015033336251261062,-0.5079748631685173,0.9716129032258064,0.16126809097174363,-0.12187037722486534,-0.18267457610679236,-0.8422853034951692,-0.33327235967904917,0.4555555555555555,0.0,0.0
0.625,0.42857142857142855,0.015033336251261062,-0.5079748631685173,0.9458064516129032,0.6964162646450723,-0.7782206766883673,-0.09031910934837027,-0.8199582320657793,-0.20407416453951555,0.20000000000000004,0.0,0.0
0.25,0.2857142857142857,-0.41454587328557135,-1.110455040345107,0.9638709677419355,0.055823569951757405,-0.03617569437668268,-0.174371860448485,-0.31259224710514505,-0.06372796267094902,0.8444444444444444,0.0,0.0
0.75,0.2857142857142857,-0.7702359099160461,-1.186059291551565,0.9161290322580645,0.977946243969676,-0.9907025508366301,-0.11119860836937764,-0.6446487660305928,-0.433237780617149,0.4,0.0,0.0
0.75,0.2857142857142857,0.015033336251261062,-0.5079748631685173,0.9406451612903225,0.6209510682288079,-0.7173496958574451,-0.08564120320875679,-0.7629248281647809,-0.1146335721375788,0.5,0.0,0.0
0.375,0.42857142857142855,0.11898918166014082,-0.9970486635354201,0.9870967741935484,0.746381805651275,-0.8203628031705092,-0.2642737562210431,-0.786598354317275,0.07706996587061377,0.5555555555555556,0.0,0.005894539987532544
0.0,0.2857142857142857,-0.08892250915761869,-0.0189010628016145,0.9264516129032258,0.6743625086147486,-0.7713364358428249,-0.23732498657485865,-0.7545325234308906,-0.5133642959934877,0.5,0.0,0.008901397088482272
0.75,0.2857142857142857,-0.05427056068799211,-0.1819256629239154,0.9393548387096774,0.8170227429359063,-0.8548042577869938,-0.07424255995213275,-0.7489638575387891,-0.18294471585311506,0.4,0.0,0.0
0.375,0.42857142857142855,0.04968528472088764,-0.6709994632908182,0.9122580645161291,0.9135079255685733,-0.9374926437873845,-0.03450962961219227,-0.6650935083177503,-0.0839183531361824,0.30000000000000004,0.0,0.0
0.25,0.2857142857142857,0.04968528472088764,-0.6709994632908182,0.9406451612903225,0.852170916609235,-0.8804535573381568,-0.05100637876034923,-0.6633157046406062,-0.11429395552583166,0.30000000000000004,0.0,0.0
0.25,0.2857142857142857,-0.40996059731846685,-0.2575299141303734,0.9793548387096773,0.5475534114403859,-0.6750840170043467,-0.2512031471812804,-0.6366094887161463,-0.01736134751000673,0.2555555555555556,0.0,0.0
0.125,0.2857142857142857,0.04968528472088764,-0.6709994632908182,0.9406451612903225,0.852170916609235,-0.8804535573381568,-0.05100637876034923,-0.6788583848503711,-0.1466274659718898,0.2555555555555556,0.0,0.0
0.0,0.2857142857142857,0.11898918166014082,-0.9970486635354201,0.9419354838709677,0.6557546519641627,-0.7443888320805113,-0.08732421052256928,-0.7024665463050748,0.0014026531858883362,0.4,0.0,0.07585897106816766
0.875,0.5714285714285714,-0.019618612218365528,-0.34495026304621634,0.967741935483871,0.7925568573397657,-0.8377900715550671,-0.0915142633373345,-0.773264826738694,-0.15074705205175581,0.5,0.0,0.003043526089985699
0.75,0.2857142857142857,-0.019618612218365528,-0.34495026304621634,0.9406451612903225,0.9396967608545831,-0.9585880893273397,-0.07055905538883178,-0.7401402038508589,-0.2911493089509468,0.8444444444444444,0.0,0.0017784459682446555
0.125,0.42857142857142855,-0.019618612218365528,-0.34495026304621634,0.967741935483871,0.7925568573397657,-0.8377900715550671,-0.0915142633373345,-0.773264826738694,-0.15074705205175581,0.5,0.0,0.0
0.875,0.5714285714285714,-0.019618612218365528,-0.34495026304621634,0.967741935483871,0.7925568573397657,-0.8377900715550671,-0.0915142633373345,-0.773264826738694,-0.15074705205175581,0.5,0.0,0.0
0.0,0.2857142857142857,-0.8741917553249259,-0.6969854911846622,0.9329032258064516,0.9483115093039283,-0.9648613626733974,-0.05939908166049844,-0.7417872781324224,-0.3481205442621267,0.7999999999999999,0.0,0.003401048733086429
0.625,0.42857142857142855,-0.0935077851247231,-0.8718261890163481,0.7277419354838709,0.01137146795313577,-0.012072594498079642,-0.03310659707704126,-0.525745260848994,-0.5923361148898858,0.6555555555555554,0.0,0.004941146272597265
0.625,0.2857142857142857,-0.0935077851247231,-0.8718261890163481,0.7277419354838709,0.01137146795313577,-0.012072594498079642,-0.03310659707704126,-0.5041763618625955,-0.5352969562563565,0.5555555555555556,0.0,0.001961790913424517
0.125,0.0,-0.19746363053360289,-0.38275238864944533,0.784516129032258,0.00861474844934528,-0.010895351624310321,-0.03140203396428829,-0.366697486699266,-0.3734256340590178,0.05555555555555555,0.0,0.00627039712515126
0.625,0.42857142857142855,-0.5878056156337043,-0.29533203973360245,0.8838709677419355,0.048242591316333565,-0.04275513021791074,-0.12387903076935236,-0.4155608838902371,-0.13433663105464122,0.6,0.0,0.0029151846283597964
0.25,0.2857142857142857,-0.41454587328557135,-1.110455040345107,0.9225806451612903,0.05995864920744314,-0.047917348720959624,-0.12709182119447615,-0.4139138096086736,-0.07736539574346149,0.5555555555555556,0.0,0.005087822228741154
0.625,0.42857142857142855,-0.48384977022482456,-0.7844058401005052,0.936774193548387,0.06719503790489317,-0.052217198561905695,-0.14823375384884951,-0.3717302781722391,0.09557414156883613,0.35555555555555557,0.0,0.0060595504381944195
0.625,0.14285714285714285,0.10395584540887975,-0.4890738003669028,0.9329032258064516,0.046519641626464506,-0.03600122919760535,-0.21726927513342617,-0.42362636513517593,0.046026998549195036,1.0,0.0,0.05603938249422464
0.5,0.2857142857142857,0.10395584540887975,-0.4890738003669028,0.9329032258064516,0.046519641626464506,-0.03600122919760535,-0.21726927513342617,-0.4835879333430518,0.17684348513339032,0.6,0.0,0.0
0.375,0.14285714285714285,-0.7113800732609495,-0.151208502412916,0.9148387096774192,0.0837353549276361,-0.08406622920272586,-0.09597390196627713,-0.5838898646124275,0.060671413165224175,0.4,0.0,0.03527556745260533
0.875,0.14285714285714285,-0.49888310647608547,-0.2764309769319879,0.896774193548387,0.32770503101309445,-0.2645065053526708,-0.06548744917091599,-0.7573299583421873,-0.3804540547081847,0.4,0.0,0.0017784459682446555
1.0,0.2857142857142857,-0.4642311580064589,-0.43945557705428884,0.9264516129032258,0.2067539627842867,-0.2979600026998119,-0.14713169858161712,-0.8221282239296652,0.08834195095262076,0.30000000000000004,0.0,0.06446408272523926
0.375,0.14285714285714285,-0.39492726106720577,-0.7655047772988907,0.9587096774193548,0.3538938662991041,-0.37469066831123954,-0.16678254311029078,-0.7678268902421732,0.2670193657894459,0.2555555555555556,0.0,0.009240585237065014
0.125,0.42857142857142855,-0.39492726106720577,-0.7655047772988907,0.967741935483871,0.4155754651964163,-0.42283464053618497,-0.2920716332918228,-0.7061528830549437,0.14950069566601598,1.0,0.0,0.0029243518756187892
0.375,0.14285714285714285,-0.3060047519095871,-0.7466037144972761,0.9651612903225806,0.290144727773949,-0.46517386164568414,-0.1443733862817548,-0.7402317724791414,0.3487641726104462,0.1,0.0,0.0016134355175827803
0.375,0.14285714285714285,-0.3406567003792137,-0.5835791143749753,0.967741935483871,0.3452791178497588,-0.5043671675942987,-0.22740315312958784,-0.8291740739404514,0.16617094166080337,0.4,0.0,0.0067470939826189
0.75,0.2857142857142857,-0.3406567003792137,-0.5835791143749753,0.967741935483871,0.3452791178497588,-0.5043671675942987,-0.22740315312958784,-0.8795276120869132,-0.3352981910578074,0.4555555555555555,0.0,0.0020259616442374687
0.75,0.2857142857142857,-0.40996059731846685,-0.2575299141303734,0.9096774193548387,0.35423845623707795,-0.5036397780013607,-0.07914264899955578,-0.8211085926955126,-0.014192687943032911,0.5,0.0,0.25533533790473395
1.0,1.0,-0.3060047519095871,-0.7466037144972761,0.9612903225806452,0.3904203997243281,-0.6577081162252009,-0.1237625438538934,-0.797526635171301,0.4340172556101676,0.4555555555555555,0.0,0.002520992996223094
0.375,0.14285714285714285,-0.3060047519095871,-0.7466037144972761,0.9612903225806452,0.3904203997243281,-0.6577081162252009,-0.1237625438538934,-0.7767812733256843,0.4625707965881069,0.5,0.0,0.0
0.25,0.2857142857142857,0.015033336251261062,-0.5079748631685173,0.983225806451613,0.4452101998621641,-0.6951318807503414,-0.20334228118447417,-0.724362268780425,0.16273058880443175,0.6,0.0,0.0011825748964101061
0.875,0.5714285714285714,0.015033336251261062,-0.5079748631685173,0.983225806451613,0.4452101998621641,-0.6951318807503414,-0.20334228118447417,-0.832167602945119,0.43010143949734986,0.5555555555555556,0.0,0.0
0.125,0.42857142857142855,0.015033336251261062,-0.5079748631685173,0.983225806451613,0.4452101998621641,-0.6951318807503414,-0.20334228118447417,-0.8729655188911515,0.4888268128978902,0.4,0.0,0.024229034505518686
0.125,0.2857142857142857,-0.05427056068799211,-0.1819256629239154,0.984516129032258,0.46312887663680224,-0.7148475588257456,-0.33061927134487606,-0.8286773602886212,0.41302365356846577,0.35555555555555557,0.0,0.0018976201826115654
0.5,0.2857142857142857,0.08433723319051424,-0.8340240634131192,0.9858064516129031,0.48311509303928335,-0.7214851497266661,-0.26582730343742966,-0.7633170163515228,0.1474069409649082,0.6555555555555554,0.0,0.001833449451798614
0.5,0.2857142857142857,0.08433723319051424,-0.8340240634131192,0.9858064516129031,0.48311509303928335,-0.7214851497266661,-0.26582730343742966,-0.7609117696269676,0.2765372127820923,0.35555555555555557,0.0,0.015034285504748633
0.375,0.2857142857142857,0.08433723319051424,-0.8340240634131192,0.9858064516129031,0.48311509303928335,-0.7214851497266661,-0.26582730343742966,-0.8346773751347625,-0.20792205732998387,0.7999999999999999,0.0,0.04281104469949764
0.375,0.2857142857142857,0.11898918166014082,-0.9970486635354201,0.9858064516129031,0.48311509303928335,-0.7214851497266661,-0.26582730343742966,-0.7759968969522006,-0.06151022961686731,0.1,0.0,0.0
0.375,0.2857142857142857,0.11898918166014082,-0.9970486635354201,0.9858064516129031,0.48311509303928335,-0.7214851497266661,-0.26582730343742966,-0.8138274878240573,0.32952470865810496,0.4,0.0,0.0
0.375,0.2857142857142857,0.04968528472088764,-0.6709994632908182,0.9948387096774193,0.5199862164024811,-0.7380447314597652,-0.19498087048155974,-0.8270956507048479,0.51366830773006,0.4555555555555555,0.0,0.0
0.0,0.14285714285714285,-0.08892250915761869,-0.0189010628016145,0.9961290322580646,0.5406616126809097,-0.7460500963556685,-0.14974898199097272,-0.8685863743960813,0.4565612257741814,0.20000000000000004,0.0,0.0
0.0,0.14285714285714285,-0.08892250915761869,-0.0189010628016145,0.9961290322580646,0.5406616126809097,-0.7460500963556685,-0.14974898199097272,-0.7549509155481245,0.34491627981997797,0.4555555555555555,0.0,0.039712515125957984
0.625,0.5714285714285714,-0.019618612218365528,-0.34495026304621634,0.9974193548387097,0.5613370089593385,-0.7604043130903143,-0.19699110412934248,-0.8477102831548841,0.39776792905129177,0.5,0.0,0.007874665395475048
0.625,0.5714285714285714,-0.05427056068799211,-0.1819256629239154,1.0,0.6009648518263268,-0.785879826207828,-0.24524243342077837,-0.7511992141004654,0.15314481848943584,0.20000000000000004,0.0,0.0
0.375,0.42857142857142855,-0.05427056068799211,-0.1819256629239154,1.0,0.6009648518263268,-0.785879826207828,-0.24524243342077837,-0.8668739354167275,0.4698590422349467,0.30000000000000004,0.0,0.0025393274907410807
0.25,0.2857142857142857,0.08433723319051424,-0.8340240634131192,0.9987096774193547,0.6202618883528601,-0.7937682022389186,-0.20001872558854059,-0.8659850335781554,0.45467124104012197,0.20000000000000004,0.0,0.013457518976201828
0.625,0.42857142857142855,0.08433723319051424,-0.8340240634131192,0.9987096774193547,0.6202618883528601,-0.7937682022389186,-0.20001872558854059,-0.8850833211422086,0.4830889353733624,0.2555555555555556,0.0,0.03716402038795791
0.75,0.42857142857142855,0.08433723319051424,-0.8340240634131192,0.9987096774193547,0.6202618883528601,-0.7937682022389186,-0.20001872558854059,-0.9848623348292622,0.017529512601880293,0.5,1.0,0.009918961534230502
0.875,0.5714285714285714,0.08433723319051424,-0.8340240634131192,0.9987096774193547,0.6202618883528601,-0.7937682022389186,-0.20001872558854059,-0.8504161494378983,-0.1092353112247984,0.5,0.125,0.0
0.75,0.42857142857142855,0.08433723319051424,-0.8340240634131192,0.9987096774193547,0.6202618883528601,-0.7937682022389186,-0.20001872558854059,-0.8504161494378983,-0.1092353112247984,0.5,0.125,0.0
0.375,0.2857142857142857,0.08433723319051424,-0.8340240634131192,0.9987096774193547,0.6202618883528601,-0.7937682022389186,-0.20001872558854059,-0.8546645645373877,-0.16431656180191878,0.5,0.0625,0.0
0.125,0.2857142857142857,0.11898918166014082,-0.9970486635354201,0.9780645161290322,0.4765678842177809,-0.8217967651962527,-0.2999111629041124,-0.8060888300680701,0.36752817330634135,0.5,0.0,0.0017876132155036487
0.375,0.14285714285714285,0.11898918166014082,-0.9970486635354201,0.9780645161290322,0.4765678842177809,-0.8217967651962527,-0.2999111629041124,-0.7913696869990868,0.3713760660968096,0.5,0.0,0.04546037915734664
0.0,0.0,0.04968528472088764,-0.6709994632908182,0.9329032258064516,0.5585802894555479,-0.8741816414829552,-0.11934654408523891,-0.7756309126959509,0.2726893199916241,0.15555555555555556,0.0,0.005317003410215981
0.0,0.0,-0.08892250915761869,-0.0189010628016145,0.9329032258064516,0.571330117160579,-0.8800444356840257,-0.0653300589637107,-0.8250955490038407,-0.24396761392181138,0.8999999999999999,0.0,0.0
0.125,0.2857142857142857,-0.08892250915761869,-0.0189010628016145,0.9329032258064516,0.571330117160579,-0.8800444356840257,-0.0653300589637107,-0.7963109098437773,0.2004623601632703,0.35555555555555557,0.0,0.0
0.0,0.0,-0.08892250915761869,-0.0189010628016145,0.9329032258064516,0.571330117160579,-0.8800444356840257,-0.0653300589637107,-0.7963109098437773,0.2004623601632703,0.35555555555555557,0.0,0.0
0.5,0.2857142857142857,-0.08892250915761869,-0.0189010628016145,0.9329032258064516,0.571330117160579,-0.8800444356840257,-0.0653300589637107,-0.8789001690395024,-0.17579231685097402,0.7999999999999999,0.21874999999999997,0.001989292655201496
0.625,0.42857142857142855,-0.08892250915761869,-0.0189010628016145,0.9329032258064516,0.571330117160579,-0.8800444356840257,-0.0653300589637107,-0.7412251997828019,-0.14494125120487872,0.5555555555555556,0.0,0.00039419163213670204
0.875,0.5714285714285714,0.015033336251261062,-0.5079748631685173,0.8116129032258064,0.19159200551343902,-0.7717982825932242,0.020018598243042147,-0.8042456616931356,0.29347915206627756,0.2555555555555556,0.0,0.0
0.375,0.14285714285714285,0.015033336251261062,-0.5079748631685173,0.8116129032258064,0.19159200551343902,-0.7717982825932242,0.020018598243042147,-0.7835002998475189,0.3220326930442169,0.2555555555555556,0.0,0.005903707234791538
0.125,0.2857142857142857,0.015033336251261062,-0.5079748631685173,0.8116129032258064,0.19159200551343902,-0.7717982825932242,0.020018598243042147,-0.8997108955829093,-0.16067243897849892,0.6,0.0,0.04976898536907338
0.75,0.2857142857142857,0.015033336251261062,-0.5079748631685173,0.8116129032258064,0.19159200551343902,-0.7717982825932242,0.020018598243042147,-0.8745863892422227,-0.16438448512426823,0.7,0.0,0.010230647941036267
0.0,0.2857142857142857,-0.019618612218365528,-0.34495026304621634,0.9767741935483871,0.4993108201240524,-0.7239392009060255,-0.15129512641898252,-0.7954220080052053,0.18527455896844575,0.4,0.0,0.0
0.625,0.14285714285714285,-0.6270428400704353,-0.9852325658260352,0.784516129032258,0.006547208821502412,-0.11695277243015421,-0.011477588967792099,-0.3603706483641732,0.029152982587359377,0.4555555555555555,0.0,0.0
